"@JAYU-24T","Now try xbow in RG","","false"
"@Provakeject","Supercell FOOLED everyone into thinking they were a competent company","","false"
"@bluebs18","3:47 michael jackson appears","","false"
"@NicGerr1738","The video predicts what ryley is gonna say","https://yt3.ggpht.com/yEeaWRMOAZnzh9Ges1bTixdNu-h9ll4P-XWxeLlnSZMgOAWOVA6nVctD3OwfW4wxR_dOUAvGyg=s88-c-k-c0x00ffffff-no-rj","false"
"@JM-im7bt","8:49 ""This guy"" lmaoo","https://yt3.ggpht.com/ytc/AIdro_neTfaMTnbJgtDIYfFuzKM4qtFiwR_B-V_AqEu2iFK9TA=s88-c-k-c0x00ffffff-no-rj","false"
"@Orbitzss","Is it me or is the audio slightly delayed? I notice it a lot more in 2x and overtime","https://yt3.ggpht.com/Q9R0qJ3rTn7Q1I42lTlImdeLql-zJnZ_vj30-750VQLNoiXq1vhaPlpKAq3g4L1bgLRC_W1Nzw=s88-c-k-c0x00ffffff-no-rj","false"
"@henryfields3393","6:19 Bro thought he could hide Jynxzi's spicy dms","https://yt3.ggpht.com/ytc/AIdro_l8nUKMpXiwbOCJXhzbPZFAKpKBmvPJpfylaevimPnedw=s88-c-k-c0x00ffffff-no-rj","false"
"@MmasterMmind554","aaand now hes also predicting their emotions :)","https://yt3.ggpht.com/ytc/AIdro_k0PVo4Ayjzf9FlRcdjZAQYBwK430_hLvWlP9jgikQjC65W-ONDWjkk4dykteuHJ96HgQ=s88-c-k-c0x00ffffff-no-rj","false"
"@waffyi6185","Bro fooled the internet with this upload ","https://yt3.ggpht.com/ytc/AIdro_lg2L0srLI9pEK2BDrIeInx7XaB0JNAyGrcygTKM8I0cx8=s88-c-k-c0x00ffffff-no-rj","false"
"@Bermanator","Now try sneaky golem in logbait","https://yt3.ggpht.com/ytc/AIdro_lotwq9kZ-zhxXUPYTHDURWd2bPVUP7N6Lmrz_CAiHeSQgwSE_79junSbEt4Q9YRbEFbA=s88-c-k-c0x00ffffff-no-rj","false"
"@Frybuster123gt","royal xbow","https://yt3.ggpht.com/0f0N8ZtXXpFCySsoO_hpIM4HnwaGtMHS0Fm3R_pjp15MK-tBt8Ns_Px16-J2AtNBVnuOeOAywg=s88-c-k-c0x00ffffff-no-rj","false"
"@raj_2005_","5:30 YOOO PAUSEE","https://yt3.ggpht.com/5BoEa9r7oVJQzGz7VoxxAAN-DF-AO8RSAogRSZWxQzVIJRO8LGPQ_0aYtqBgv5es9bD40dEBMyY=s88-c-k-c0x00ffffff-no-rj","false"
"@AE0N777","You‚Äôre such a little troll Ryley ","https://yt3.ggpht.com/3L5e_Yo5SJm54kHRrYPVuuMRZXW1K9bNfi9Dk8h3-4UDwXyzKKswSD1ZAB2OZJh551722NGMZA=s88-c-k-c0x00ffffff-no-rj","false"
"@bodhihall","I love it when u say this guy here its somewhat dissrespectful and funny","https://yt3.ggpht.com/ytc/AIdro_lotwq9kZ-zhxXUPYTHDURWd2bPVUP7N6Lmrz_CAiHeSQgwSE_79junSbEt4Q9YRbEFbA=s88-c-k-c0x00ffffff-no-rj","false"
"@yakudo6699","holy refresh pull","https://yt3.ggpht.com/ytc/AIdro_lmz4zQVUmy1w88r5Pu-0CWHhVO-44gTQqaIcddKrfsjVY=s88-c-k-c0x00ffffff-no-rj","false"
"@DiKu-351","Hes predicting there emotions there elixir there decks the placement of there cards there emotes the amount they have in there bank account ","https://yt3.ggpht.com/jkDSGR0CDbTAR47HjXqP6q_91gVN2q0n7Le0YiVYwkFNULGuuu1NrIFt4OjNE7qlJJU2fwISSQ=s88-c-k-c0x00ffffff-no-rj","false"
"@psychic_editzz","Hog 2.6 with sneaky golem please","https://yt3.ggpht.com/VLrk-NxG1GS9V7PGDNGYGiQKoeUiZRqir3hq9nygq4EybrElg_zdz37zhTGDCrFNzaziK3X_5do=s88-c-k-c0x00ffffff-no-rj","false"
"@Dunnelm","‚ÄúI fooled my opponents‚Äù is what supercell should be saying","https://yt3.ggpht.com/M65oF6M6OYxxUEmlYS59ShxKXAsjAZZi1k_r_bDXFC15VtkSYtJ-ZxxspGS-3UGa-nsC8_K9weU=s88-c-k-c0x00ffffff-no-rj","false"
"@Victim-xs1kd","Bro wanted to stretch that ""yoooo"" at the start","https://yt3.ggpht.com/Lt4bdH8MxTWQW6A0LgDFYuAr3FA___MwCbWXbshyfe7OR-_-V9eHS3XtwOTnFUaJ3oIYon-vTw=s88-c-k-c0x00ffffff-no-rj","false"
"@CarlitosPR94","Last playet would have easily destroyed me in the first minute the way he put preassure on both lanes. Ryley is insane","https://yt3.ggpht.com/flxHpEtLV38QRogWdjS2_qWy4Cqa1w8UA2pTKmLgZcHYnSWTHMugNLDHKpqFV7GoLO_WkS9lww=s88-c-k-c0x00ffffff-no-rj","false"
"@z-powered-nathan","The audio delay is definitely noticeable this bideo","","false"
"@moritztrosin4485","Video idea: Play a golem deck with pump but instead of the golem use the ice golem","https://yt3.ggpht.com/ytc/AIdro_nE-rVXwtCLYKRFHdEwVQwPOqcp1Kcyvu27hp6Avn4=s88-c-k-c0x00ffffff-no-rj","false"
"@TheBigBadOtis","Next do battle ram in 2.6","","false"
"@Adknow01","Yes Ryley, this is very hilarious","https://yt3.ggpht.com/PAS5CofmaKnhEdj8erZF299lGqG4IMF6nWoBTUaw7j0eacb0agU8jIimlV9HmHS-BuvVzs6_GQ=s88-c-k-c0x00ffffff-no-rj","false"
"@sasambamotors","Okay bro, now im waiting for hog 2.MEGAKNIGHT","https://yt3.ggpht.com/eRH8U52QWvE8sGU3fPNu-IvPbu8YLJWmsycnjzL3eEOkQ1IC_-ldgfv-lDk0p1ggHbtdrVtVNY4=s88-c-k-c0x00ffffff-no-rj","false"
"@bv1q111","sneaky golem legacy","https://yt3.ggpht.com/ytc/AIdro_mfFXyylYgZrpROqKyF6oPCk83OMO2sytRPC6moOlg=s88-c-k-c0x00ffffff-no-rj","false"
"@Butera20","Pls fix the audio Ryley ","https://yt3.ggpht.com/V7ggFqA1bTizd9UpXs9nuHtX7LFYCJ3Iu3y4FqMncrZhKNlg95H6Cf_sP6m6eQc6VkqhRKoQ=s88-c-k-c0x00ffffff-no-rj","false"
"@CheesymaxBS","I thought it was sweaty clash for a second","https://yt3.ggpht.com/MqbMLvKYWBRb9Z4uxZsu4MQUuJQ96jI3yXHe3y9LGKohkPG0U-Zp_Z37OdeL7jnA-yD0qWzcjw=s88-c-k-c0x00ffffff-no-rj","false"
"@flamee_6446","Ken is type of guy who is coming back to Australia in a few days for over a month","","false"
"@PuppyGirlPrimed","""Kenezuela"" really messed this one up","","false"
"@Arsalplayz","Ken has been playing alot of rune giant lately to make a good first impression towards the mom of berserky","","false"
"@dailydoseofbenadryl5096","""and goblin curse"" Ken suggests to the president on their mission to capture a dictator","","false"
"@le_spider3668","10:26 ken looking like hes contemplating pulling a shank on me, but instead just wanted to share a fun fact (wholesome )","https://yt3.ggpht.com/F5fVFBTn3ARamYFvqD63Mca6UzbCCtbvG-i6IJF96G0KLs7TGMw1Z30vDvVKdrdyIqUYXjVuKw=s88-c-k-c0x00ffffff-no-rj","false"
"@Groggy_grog_hog","0:00 the berserker‚Äôs daddy starts yapping 

10:51 the berserker‚Äôs daddy stops yapping","https://yt3.ggpht.com/RO-TsauIkvpJ-ketfie8atl4xem1HLyRpBq3k8mgOEV4ECSS26FKKEGZY5pfDOL3FPeNVl-xIA=s88-c-k-c0x00ffffff-no-rj","false"
"@sleepyguy-1",",,And a goblin curse"" Ken says as he enter a gas chamber","https://yt3.ggpht.com/ytc/AIdro_kiwODstejROaBTysprFJ0KdJ1qpsJK-a1gJTAw_VzNcLE=s88-c-k-c0x00ffffff-no-rj","false"
"@weskos_bananatapioca","Rune giant your voodoo doll is working exceptionally well","https://yt3.ggpht.com/eYtwHjIC5GV2D7Vw0L2ojTPyc_MpcBH3v4LxfKDD-hm-wRjQPwJ9MBdO0y49dxSILLbzYTrp=s88-c-k-c0x00ffffff-no-rj","false"
"@kens_yappuccino","Kenneth strolled down the road in his black hoodie at 2 am, following the berserker...","https://yt3.ggpht.com/thsdXMK_-ZvuDtZQURpu7xw4jYXrSkNEYva55yZLy0eCtdi9eOLO0zqn5bjd2KoFZ0E0l_tb-A=s88-c-k-c0x00ffffff-no-rj","false"
"@MemeVilleZ","‚ÄúAnd goblin curse‚Äù says Ken as he aggresively farts in a public place","https://yt3.ggpht.com/MmT30GfLDPeNT-xB5tRFdgOvrJ-hX1cvWSMHgPBH6TNdVjY5YmDTsdzkWAh-hBEoLnve70ciaQ=s88-c-k-c0x00ffffff-no-rj","false"
"@ToenailConsumer","6:07 evo spit","https://yt3.ggpht.com/iCxSvrUnOvKQjQCnKMq39aXvaK3GnD8Y78s9_JmtWGIcJp51AWeRV8G-70Lt0RUfGp7Kk6b3kPU=s88-c-k-c0x00ffffff-no-rj","false"
"@japanesaren","6:50 Ken scolds his slave named ""Leg"" who always hold his iPad","https://yt3.ggpht.com/QJ9oMU0sYPYfa_bZehva3cReID42xhN8nzxkxz_5dcVZ_kJi0BLIayiiw2jih5hBrHh8wnRC=s88-c-k-c0x00ffffff-no-rj","false"
"@devxim","""and goblin curse"" ken says as he puts his whatsapp parfume on for his first date with berserker","https://yt3.ggpht.com/ytc/AIdro_kKGuxq0xLmNoPFuKzdCavnOP8et_KoSHHTQDLegY-8eryukYQSqeYbGM7U3tHwzBuIlg=s88-c-k-c0x00ffffff-no-rj","false"
"@Endynn","4:42 kens true intentions","https://yt3.ggpht.com/Ki0AyjyhzqhUVgUSytETOypu_GzdyDlJRLy4KKtqikUSF-VUnQAxJMOhT_ceG3BhfLQjohN7=s88-c-k-c0x00ffffff-no-rj","false"
"@Mberkayyy","5:01  bring back depressed suici","https://yt3.ggpht.com/XRsfq-lVj3uNOZWTKYsHkuBmrYhKohE5G9R-xBg-qNnqoLH5tv1Wb8Mw3EgmjYIR92MCRmJfoA=s88-c-k-c0x00ffffff-no-rj","false"
"@Ankara_Messi_","4:04 Ken turns into Bobby the moment he plays goblin curse","https://yt3.ggpht.com/_zZUrxQ5KRSk5KjO5n-6X1chY4HbyvHv9F3s177_kQqis84ne_BcW1zg5qt1UPiYM4UgTC_Cbw=s88-c-k-c0x00ffffff-no-rj","false"
"@BastardiusJamesIII","""And goblin curse"" Ken says as he farts under the covers","https://yt3.ggpht.com/M7WsIk3reZb0l2X-2R8ntxBipfX4Tljr-Auqf7r-tX-HCFp-kxJ5GcdWHNBKwp68R27iTaIvww=s88-c-k-c0x00ffffff-no-rj","false"
"@Jakub-yw4ci","""Evolved musketeer value!"" Ken shouts as he watches ICE agents shoot a woman in her car.","https://yt3.ggpht.com/nZXYgQ3ge3t5PB_J8b01rOl95U6_rt2lHcdyHzzvxbF5kr8xxbFbRpK1wL8lTviuYYdROaQNDQ=s88-c-k-c0x00ffffff-no-rj","false"
"@FahdElobid","Sheeeeesh, call me the flash","https://yt3.ggpht.com/FD-HlhM8PHuJ5K9Lq9C2DNa57V8jn3_APZpePMc2omfm-JtCZhnC98XIszYkvoEVgV4uJab2Tw=s88-c-k-c0x00ffffff-no-rj","false"
"@BlackLily503","Unabomber type outfit ","https://yt3.ggpht.com/ytc/AIdro_nWyPWxkLouOOka6GuHM8izDlE_yXnC5xTup5HP8T7CMeTZxq27qge_MoyYv6lzf2FRtw=s88-c-k-c0x00ffffff-no-rj","false"
"@Runegiantenthusiast","Ken has seen the infinite potential of rune giant and now he cant unsee it. so many fun synergies for troll decks for ken to try out","","false"
"@pawer-pl","""PREDICTION LOGGG!!!"" Said ""Kenald Kump"" when rizzing up the berserker","https://yt3.ggpht.com/-oM0UyV7ZZCz6uK1ppKfG5Kn5fr9L4-LuQJBJ7QpffvySrIUv6aE1WFK3mmIoJ7GVZcVf6JOWw=s88-c-k-c0x00ffffff-no-rj","false"
"@Juba777-s7p","10:06 This is satisfactory considering how ken acted in his last 2 videos","https://yt3.ggpht.com/f3JUnIpMF8ozrycEi-8RUQ9csI53zqabKmdIab39zekZhCNfhJCb8S5rzxN0_IzcGKMc6HpmJu4=s88-c-k-c0x00ffffff-no-rj","false"
"@Lulzinh","""and goblin curse"" Ken mutters after using his fireball on an orphanage","https://yt3.ggpht.com/3KVnUjqNDRIcoJJBhA6wBBZwR4BB9SHRaRRf83oI8U0bDMK2aGlx79TwUV_zFGG3A7dLj0jKZg=s88-c-k-c0x00ffffff-no-rj","false"
"@Mberkayyy","7:14  if u guys wondering he had his first gay experience and it was the best thing ever happened to him","https://yt3.ggpht.com/XRsfq-lVj3uNOZWTKYsHkuBmrYhKohE5G9R-xBg-qNnqoLH5tv1Wb8Mw3EgmjYIR92MCRmJfoA=s88-c-k-c0x00ffffff-no-rj","false"
"@thewackywardrobe961","""aaaand goblin curse"" Ken said as he drops gas bombs over greenland","https://yt3.ggpht.com/9DpouTWoUehzvh_STeY_uRpEX1gnlloHUmhpUWO853Sdm2jsOYwfA3yVmlXxuSymmkcY45o8=s88-c-k-c0x00ffffff-no-rj","false"
"@br0k3nb0unty9","He‚Äôs a ten but he‚Äôs an alcoholic with severe mental issues","https://yt3.ggpht.com/OEyBr4YXH7bFWX1d07c9mgbPzs0ekYMfLmTzqiwiI3S--Xx7Jq_u4HHBeT9Fh8tlSF-KJoWEmA=s88-c-k-c0x00ffffff-no-rj","false"
"@IvanReindl","7:48 I'm always watching Ken","https://yt3.ggpht.com/Ba1SdRYb_CNV7WJbk4QnAerwXaBTMgZ8GiLWQJvdaVrWcUg4YXy7IdqaUQbQj7aRaLM5fdF2=s88-c-k-c0x00ffffff-no-rj","false"
"@dazzyone","You can see how much shortbread and heroin Ken has had while in Scotland","https://yt3.ggpht.com/ytc/AIdro_nsmDCcJ19NA_H6R0hqX74M2md0nNmLvbyRygpjRzUDBA=s88-c-k-c0x00ffffff-no-rj","false"
"@Abdullah-mon","1:49 there we go rock crush is finally back in the deck, good boy ","https://yt3.ggpht.com/8pHM2Kww2asU2GeNZU_6BmiPKqDI4bANqpNoYjzJN4QujA2OGHlMAjChk1kQ_9ijTHayIx8t=s88-c-k-c0x00ffffff-no-rj","false"
"@Juba777-s7p","8:58 It's so cute when ken loses a game he was confident he could win","https://yt3.ggpht.com/f3JUnIpMF8ozrycEi-8RUQ9csI53zqabKmdIab39zekZhCNfhJCb8S5rzxN0_IzcGKMc6HpmJu4=s88-c-k-c0x00ffffff-no-rj","false"
"@Victim-xs1kd","Ken is the variety of a man to use cheap damage coz he can't afford expensive","https://yt3.ggpht.com/Lt4bdH8MxTWQW6A0LgDFYuAr3FA___MwCbWXbshyfe7OR-_-V9eHS3XtwOTnFUaJ3oIYon-vTw=s88-c-k-c0x00ffffff-no-rj","false"
"@rmarks8","Im so jelaous of the git that got to see drunk Ken live.","https://yt3.ggpht.com/ytc/AIdro_lF4rl4UygkwcgNOcKI_7phevLJW9iyvk-kK9l6D5EZRrw=s88-c-k-c0x00ffffff-no-rj","false"
"@uhhh99","10:24 that one jamiroquai song","https://yt3.ggpht.com/ytc/AIdro_ntjs5st5bxnSmsyengPddC8fjwM4e0NtTSnagJprj14g=s88-c-k-c0x00ffffff-no-rj","false"
"@denry4665","At this rate Ken and the rune giant are gonna get married.","https://yt3.ggpht.com/ZT-kcGGvAsYSynYkTGwE1vNZT9lLqlH9WHn8vewRThby1ML2IEajMG7et-pTsbOmm_lg6jiAx2I=s88-c-k-c0x00ffffff-no-rj","false"
"@thebigetrain6221","2:45 ‚ÄúEnchanted?‚Äù Must‚Äôve had flashbacks to a happier time.","https://yt3.ggpht.com/ytc/AIdro_mEOkQviZfvZFgpiA-QE55Fad7Ubl8kAQmzktthmAA2IA=s88-c-k-c0x00ffffff-no-rj","false"
"@Schmoovin_groovin","I saw a weird guy in a bar the other day, he was in a corner just muttering ""underleveled... how could I have known..."" and drinking heavily","https://yt3.ggpht.com/ytc/AIdro_lrHWTbFqZoDU9M3ff8W1iLLWIXHPXeSom1GjKU4xvUrnPxLAvT-ZnE0hGd6wW5uxS3EA=s88-c-k-c0x00ffffff-no-rj","false"
"@ex44-o1i","6:49 I feel your pain kenny. The same thing happens to my third leg when I watch your videos.","https://yt3.ggpht.com/ytc/AIdro_lnV-czC1AqJvagKGkT3hRp7DmCgkpIbPxOSMULdHg69S_KTjgFAK6HX494fSLVss1DtQ=s88-c-k-c0x00ffffff-no-rj","false"
"@alikara6441","Ken do you know anything about your fame in Turkey?","https://yt3.ggpht.com/ytc/AIdro_mdOTqQ_fFnLMzSopCDZOSj18VcQctMZHPjfnd8Pw4=s88-c-k-c0x00ffffff-no-rj","false"
"@Kameleeon0728","Ken is type of guy to impregnate Rune giant with triplets","https://yt3.ggpht.com/wcvZ0INGlL5GQuiWy3fVygvwTF6-miFRsTOGbWL7ZcyMLrv6WKuySntZ_YLb6R0kZHn4AULI8g=s88-c-k-c0x00ffffff-no-rj","false"
"@oui2814","4:08 we all know your enjoying yourself don‚Äôt worry ken","","false"
"@Moon_Solutionz","WENT TO JAIL FOR A KENT OVERDOSE","","false"
"@marekdubsky2320","10:16  the flashbacks from last night kicked in","","false"
"@Hassleware","He loves britain","https://yt3.ggpht.com/ZrZYU-cHfZG1YU3hhPXFR07B98WSiAAx2E6WFH9FrOu9BfX5nqD6GS8R7ELn0RNvCHjo7Vxc=s88-c-k-c0x00ffffff-no-rj","false"
"@-Tidgy","Ken the typa guy to say 'ruin giant' instead of Rune Giant","https://yt3.ggpht.com/ytc/AIdro_lod2OCd4ewXZ1LvBkg7HoDuh3yLm6BKemYr3lomqJBslk=s88-c-k-c0x00ffffff-no-rj","false"
"@mihalygezakiralyhegyi5356","10:25 ken gets in touch with his inner sith lord trying to choke us","https://yt3.ggpht.com/ytc/AIdro_lcWQfH1UBNZYKgXJufgSgN7ClTH1HfhPT33SceOOesWgs=s88-c-k-c0x00ffffff-no-rj","false"
"@brendansaaiman4980","10:25 when post nut clarity hits","https://yt3.ggpht.com/ytc/AIdro_n6r9tfHWEcPXptbiXXTM0ZX3nduTE1HkkDeniaB3gpkBk=s88-c-k-c0x00ffffff-no-rj","false"
"@JohnnyOption","And goblin curse is what I say when I react to ICE agents going to Minnesota.","https://yt3.ggpht.com/ytc/AIdro_nkHMdD8-iph0EM_9XXOHFTX5yr1_08Pyl5RsRmTC8NcKJnWauEhfigEgk72JRwumN-OA=s88-c-k-c0x00ffffff-no-rj","false"
"@IvanReindl","10:39 BLESS YOU","https://yt3.ggpht.com/Ba1SdRYb_CNV7WJbk4QnAerwXaBTMgZ8GiLWQJvdaVrWcUg4YXy7IdqaUQbQj7aRaLM5fdF2=s88-c-k-c0x00ffffff-no-rj","false"
"@arvind1476","""and goblin curse"" ken days as berserker runs away","https://yt3.ggpht.com/ytc/AIdro_knh0b7CWr6ZnF0FAcrwwj_b5xX1ojXHfCX3fXbw3yBJ1Q=s88-c-k-c0x00ffffff-no-rj","false"
"@Panzer_35T","""Its so close"" ken says as the plane approaches the tower","https://yt3.ggpht.com/Q-I339RAffQl8HmRsCcy_DcQ_7PUk_VzWWDz9YlKpZ2BD5UEsGlMxdR6GkFlYAuJnr1mBiYeWg=s88-c-k-c0x00ffffff-no-rj","false"
"@yamensaado7183","00:01 Electro Wizard starts talking","https://yt3.ggpht.com/ytc/AIdro_nGcme0aUep4oXTMEZ96rOe2QLR4MfLi_qc3FWKofrzZxyQTLkT6aO53ObuurhWH70Sgg=s88-c-k-c0x00ffffff-no-rj","false"
"@bryceferguson1265","""goblin curse!"" kenezuela says after showing his rune giant to a miner","https://yt3.ggpht.com/ytc/AIdro_lEGZYmg4edaXVkNEILXppGZd7lXWw9IsnuiikbOXe0DA=s88-c-k-c0x00ffffff-no-rj","false"
"@ShadowFrosty101","Kenny poo got a little to excited over beserker in this video","","false"
"@ZionDuh-_-","Ken looks like he's been influenced by his england trip","https://yt3.ggpht.com/JddKRsZj7TZsqpPjecoZysh7fdkOtxOXA2Re0bhWIZEhMKCxLRmVmhNIPiZCLUIQAMzhatE_vA=s88-c-k-c0x00ffffff-no-rj","false"
"@harroldbogharry9867","Ken looking like emperor palpatine after one Scottish holiday","https://yt3.ggpht.com/ytc/AIdro_lP2VP-4BzUmOSe5VHVQpTAm1g860lassIPyWTzVkM=s88-c-k-c0x00ffffff-no-rj","false"
"@dalemassing6819","Ken explores a Ruin Giant Miner deck, focusing on chip damage and Goblin Curse synergy. The gameplay features intense back-and-forth battles and strategic emote usage. Expect unexpected card interactions and some surprising deck tech.","https://yt3.ggpht.com/5w4a2tPPpGYdGorSW_MOYfOv47987RqulP8HgTBPxKnNKjDs7lG231iDBnV7NRCR1RjbI0pKtA=s88-c-k-c0x00ffffff-no-rj","false"
"@Moni_Meckala","I love it when ken enchants my evo log during while i am tied up with a mouth gag in Kennie's basement","https://yt3.ggpht.com/s7oYnEq0eDuUwOdLokuK6_zDPB6z6A9OstMjAJIS_HXH7yJ4W_zRxHP1Uq-BHUNPsx0YyOCteA=s88-c-k-c0x00ffffff-no-rj","false"
"@Maxblueninja1","Ken why do you have your drug dealer outfit","https://yt3.ggpht.com/PpMhJMwZlV4vFi7nWQlpULAKT1JX1lHdYjy1FD8ig_UZtoKTET3Kmm-69NA4rYFUyRlirOuQ3g=s88-c-k-c0x00ffffff-no-rj","false"
"@shreyanparanjape2751","""and goblin curse"" ken says when he gets a dutch oven","https://yt3.ggpht.com/ytc/AIdro_lNHffuJx0cghhOYcruZ2113q5m-fZ7IBosDin4vuEbzKGk=s88-c-k-c0x00ffffff-no-rj","false"
"@corgiliver","3:49 ken when talking to the doctor about how he hurt his log","","false"
"@h.huseyinergun7520","""and goblin curse"" reads ken on the shopping list.","","false"
"@he-xq4nb","3:40 ""Theres no way"" Ken says as Berserker escabes his basement","","false"
"@deividmatoss","Ken and Supercell are like Louis and Harvey","","false"
"@VivaBenKing","My morning routine revolves around Ken.","","false"
"@gabrock2007","Ken coming back from a bank robbery with his hoodie on and goblin stance","https://yt3.ggpht.com/ytc/AIdro_mJUxkkmi665AmRCz4ilJfPTAan1TU452g2UM5ek9PklkcAAb7dnzzInZhXZe_Ftp4s2g=s88-c-k-c0x00ffffff-no-rj","false"
"@maus1212","ken shows his evo log and suspicious bush to the underleveled bezerky werky","https://yt3.ggpht.com/ytc/AIdro_mc4Y9gQCEiemTFxftMBzkVs4f2dFVKIi2EzfEXVVougJ-byH1unVlcX4jadECPvzh2lg=s88-c-k-c0x00ffffff-no-rj","false"
"@_ArseneR","0:59 Ken was a little bit too happy about the Berserker being 16","https://yt3.ggpht.com/vWqqDxsheSYRhKGbyd3lfsBdpcLcs-9Xw6GevINhiGTPROFlm7TairKxxRyYia9oYKFPtdb6=s88-c-k-c0x00ffffff-no-rj","false"
"@jjheyhey-z3j","""Kenduro"" has to stay quiet so the feds don't find him and extract him to Australia to face criminal charges.","https://yt3.ggpht.com/7qgI7_ee4xv1nvCQ24RRSDJ7qKU4nWHx4PpXC2YrPwXvUjzK7r_7H2YVUBy9kHymGBAlkgfaww=s88-c-k-c0x00ffffff-no-rj","false"
"@mihi6712","10:38 i see berserker under the table did her job well","https://yt3.ggpht.com/ytc/AIdro_lDA1bC9_y0a6rCAcQ9td-L4w50gqqwFnNtk4VEjVTryLk=s88-c-k-c0x00ffffff-no-rj","false"
"@ThulaibRahman-m4y","9:32   but she said she means it","https://yt3.ggpht.com/PDjeJ8jr3vnvnyt00sLx1WrHZnPNbEzRI6GMNNDzphUDPFfmMTbUdfeXmuSfkGyu5SxBQ9FlNw=s88-c-k-c0x00ffffff-no-rj","false"
"@Growagarden-w7m","""and goblin curse"" says akolf kinler as they ask him what negative effects the goblins caused","https://yt3.ggpht.com/d2BfBKiX7t-sGceCewlBCIVLcyciTTTRbIWQTAv2COExbijnYDItUHw_6teV5jBBbppJSn0Z=s88-c-k-c0x00ffffff-no-rj","false"
"@shauryasingh8136","this video is the kenlin curse","https://yt3.ggpht.com/ytc/AIdro_nwdzoWa2pjJJHa1zlEghZstewKFcis66DzVr1uCu3KQCo=s88-c-k-c0x00ffffff-no-rj","false"
"@EFK427","Ken is the type of guy who would play evo battle ram hero knight in his next video","https://yt3.ggpht.com/YobuhPKYksq3cWWRtw55BHy4OwrnuGt4qaAen8qNLbXNPPQ1cJALGD-KQ8PDMvXPwIGq8sxYCaA=s88-c-k-c0x00ffffff-no-rj","false"
"@mohammedalmaliky7307","""Goblin curse value"" as ken rip a big fart in a crowded bus.","https://yt3.ggpht.com/ytc/AIdro_lSjplWnmsdMrLK5ncbD84QWkc6RgPTfaiJ0PZGPcQ=s88-c-k-c0x00ffffff-no-rj","false"
"@ProKratos","10:35 hardest quote of 2026","https://yt3.ggpht.com/ZCvykDAM8hdg8PiFhmbx0U5sc4kPzdhzvPt-nqMxL8wHyPZIp1B__i7Lg77_sDVSv-ClNpRQoQ=s88-c-k-c0x00ffffff-no-rj","false"
"@wetroc","300 years Ken, your past will catch up to you, 300 plus years...","https://yt3.ggpht.com/BNEMhDbLuj_IaCwgp8Jy5UySQyqcfFOFxGESA516YzZ43gLR2ttWIhOYYna14N2Y2R4cZTET6A=s88-c-k-c0x00ffffff-no-rj","false"
"@1n33dhead","only real kenners miss the green screen of death","https://yt3.ggpht.com/BkN2DFj3iYqNxXqVlIW4NC859C4zvLfFQEjdATS1EFlQAzyBKtnL5c7aW_3cVKlOeY-g3U0ttQ=s88-c-k-c0x00ffffff-no-rj","false"
"@Schmoovin_groovin","On time today, good boy","https://yt3.ggpht.com/ytc/AIdro_lrHWTbFqZoDU9M3ff8W1iLLWIXHPXeSom1GjKU4xvUrnPxLAvT-ZnE0hGd6wW5uxS3EA=s88-c-k-c0x00ffffff-no-rj","false"
"@Keegsie","didnt take long for Ken to join the mandem","https://yt3.ggpht.com/LgEJ6Xr_6sI7y1PD28HbWpoyBw5urjOupr6Pw162IZSp_qim34jWAAA0IFzyXsgZvwHNbl9_=s88-c-k-c0x00ffffff-no-rj","false"
"@Abobus104","No way! It's the epic schoolsh00ter Ken skin!","","false"
"@Mininotbere","In the olden days Goblin Curse used to have damage amplification.","https://yt3.ggpht.com/aKHXUr8zTvqpPZksXWDvUEkqg3IphL1iKzy-aO-YmbT0OtIvmYEHAf3MGlANyDdU-0a2nUMq5A=s88-c-k-c0x00ffffff-no-rj","false"
"@agent.k1254","Just realized Kens ancestors were probably sent to a penal colony","","false"
"@Gaillard66.6","add the ""RAUGHRAUGHRAUGHRAUGH"" emote to the emote deck (the screaming red king,just like in the good old days)","","false"
"@gokusamaindia","You are the one who brought back Goblin Curse, now you are the one who has brought back the supposedly worst card in the game, Rune Giant! You are a saviour, Ken! The Voice of the voiceless!","","false"
"@kadencrow7200","Holy refresh","https://yt3.ggpht.com/ytc/AIdro_mOA4OjuWS617l4wHZkMGR0Cod_0-jlh2e0JJ9R6cc=s88-c-k-c0x00ffffff-no-rj","false"
"@Paul-kg1tv","""and goblin curse"" ken stuttert when he was aked what he found in greenland","https://yt3.ggpht.com/ytc/AIdro_nUx6NXeqgaSjbck_L2gp8ftxObUPjsuDQzxLB_lTKlfXY=s88-c-k-c0x00ffffff-no-rj","false"
"@chillmatter","Ken is the type of guy to announce he's gonna tell you a secret then proceeds not to tell. Just tell us the story noob.","https://yt3.ggpht.com/P2T068i5h2URRRtRyK93tSxyb4NJeNTSUHet4_RoEradh67WEk2OCbZ38qSG3ds4x0RBFiKw=s88-c-k-c0x00ffffff-no-rj","false"
"@visio_was_taken7886","I love her, Mom : Berserker
I love her mom : Rune Giant","https://yt3.ggpht.com/YtMaHxrKYJVLUSW2se0IXICA9KR2diSLlrt8Z0XyEmA6snnKXT1f0JMG5fPTG8rPG6bRH4Lc4A=s88-c-k-c0x00ffffff-no-rj","false"
"@stinkydoessomething","the UK curse is turning kenny into a goblin","https://yt3.ggpht.com/m4ETMxqyJLKpfQiUOfdxYBGfj6H14TQav3bf5NMhTzwG-dwwegwa8DvfnOPFCRAYyT4_iaqKVw=s88-c-k-c0x00ffffff-no-rj","false"
"@zanes7300","ken my lord, my light, the reason to my will to live","https://yt3.ggpht.com/ytc/AIdro_l5GvZago8mMMQaDuLoed5Qor2UoSKPr6e2NAdb0qA=s88-c-k-c0x00ffffff-no-rj","false"
"@TojiFushigoroWasTaken","No one wears hoodies indoors..... unless they gooned in last 5 minutes","https://yt3.ggpht.com/WsUu8_OsE0vK-sqQoQ9jFlzc_8PLjxjrbZLPZrj3FvfK7NPDpqxIirbRFlNLjagZg9ds19nvdA=s88-c-k-c0x00ffffff-no-rj","false"
"@Endynn","Hoodie looks good ken","https://yt3.ggpht.com/Ki0AyjyhzqhUVgUSytETOypu_GzdyDlJRLy4KKtqikUSF-VUnQAxJMOhT_ceG3BhfLQjohN7=s88-c-k-c0x00ffffff-no-rj","false"
"@--.----","Ken attempts to disguise his identity with a hood because he is wanted for keeping berserkers in his basement","https://yt3.ggpht.com/ytc/AIdro_k_nRddFD4iToGC_qJBSbq_CH5SoMtdU4s5knzrPGHfX6Gb3R4=s88-c-k-c0x00ffffff-no-rj","false"
"@giuliocoppo2503","I love ken's comment section","https://yt3.ggpht.com/ytc/AIdro_mB9OdMhADEKoJbeebvcPD_mDALG21fnHUZuxNIdFo=s88-c-k-c0x00ffffff-no-rj","false"
"@koz980","I think ken forced kirk to bomb kenezuela","https://yt3.ggpht.com/hqXgy4uQaQJuX9q1R16Pql58zopIDBRE5nZl0eGqSCXOS9IZcN9flOBzl6Y1u0WUj9ujcqCnLA=s88-c-k-c0x00ffffff-no-rj","false"
"@rudz_54","I‚Äôm so glad to see me finally giving light to my beloved rune giant","https://yt3.ggpht.com/LXbHwMA1-qKouHumdXUv8vKPiJQ8bSOZDtBCvmgtDbQei38ajMGbZeDlcmva6yiom9NraEHW_SE=s88-c-k-c0x00ffffff-no-rj","false"
"@blazingblazeing","4:42 how dare you say impregnate me to dart goblin when you already got impregnated by rune giant and impregnated berserker","https://yt3.ggpht.com/Vh_SluVTed1EfybaM4IWGE13TmvNvVZXaU0TjquvUF0HWjw_xe1GvJIm9ArSceO38F19ZdUyeQ=s88-c-k-c0x00ffffff-no-rj","false"
"@ShauryaManish","kenny wenny looking like the plug","https://yt3.ggpht.com/4uqupKB3Fgt3cPgZ8CnaBi_bFfNy-zNm8dSCqeIg5BtOn7Nvk02JZNfXmJtGb3IysRwEJPGv=s88-c-k-c0x00ffffff-no-rj","false"
"@wez_cr","Clash of clans: big toes, but weird heels and the toes are aligned wich is weird. 6/10

Clash of clans (Sneaky archer): toes are longer and the heel looks very realistic. 10/10 would lick

Clash of clans (Super archer): this one is quantity over quality, as the feet are large but not very well modeled. 7/10

Clash royale: there is more emphasis on the thighs. Thighs get a 9/10 but this is a feet tier list so those small feet will unfortunately get a 5/10

Clash quest: feet are too stubby, just like the toes. There‚Äôs almost nothing to suckle on. 2/10

Clash mini: after the archers tragic accidents she had to undergo amputation. No feet. 0/10","https://yt3.ggpht.com/w30BIYIbqGFzafYi3FYh-9XZ2AS0GJneODynf6yT-fI0QZogcazkbQ2UtxyqexnGprWtC3SP=s88-c-k-c0x00ffffff-no-rj","false"
"@RogTwo","Ken is the type of guy to bring his son on a dubble date with rune giant and berserker","","false"
"@iyxzee","I love watching ken play with his level 16 beserker","https://yt3.ggpht.com/iyJuiVDEianxsNq_HaZSYpRvcex1egmARk2gJ5RejiLzfbyi0RvzgyEkzi2xAqmhK3_FHgIKdA=s88-c-k-c0x00ffffff-no-rj","false"
"@gamafiree7360","""and goblin curse"" ken mutters after turning on the gas chambers","https://yt3.ggpht.com/ytc/AIdro_mDSDGu185WbEbLMjT88dsAjAXFc6bZBdWyMrxQ8wmfYsQ=s88-c-k-c0x00ffffff-no-rj","false"
"@ultracharge2464","he looks like hes about to tell someone not to come to the arena tomorrow","https://yt3.ggpht.com/ytc/AIdro_kpnzwQUStimhkiLPrFE8gYzebqp94nuCRXB7xPOY5iMFg=s88-c-k-c0x00ffffff-no-rj","false"
"@caprial6233","goblin curse had damage amplification","","false"
"@JC0ALOFT","Ken, how are you smelling today?

Ken: 0:46","","false"
"@KristofSzoke","Ken looks like Mr Potato Head from Toy Story","https://yt3.ggpht.com/ytc/AIdro_l0-93o-N4jweYv7-bzEspdpjpNmkF1pKsdg14yNPPlM54RTS3m4MWNNzI-8fBIvT4zFA=s88-c-k-c0x00ffffff-no-rj","false"
"@Comprehendme","brodie hit the kenjamin today","","false"
"@RealX0tj3","10:36 seconds before ken blows up the whole house","","false"
"@robastergaming6074","ken loves ruining miners with his enchanted berzerker","https://yt3.ggpht.com/ytc/AIdro_l0xs6Cg9-L4FLZa3rFKAtgLQcUgl_qLsNmIHYJCiF0-4E=s88-c-k-c0x00ffffff-no-rj","false"
"@DaTy_Journals","KEN PLEASE SEE THIS! USE LIL' PRINCE WITH RUNE GIANT! PRINCE IS BASICALLY A MINIGUN LIKE BRRRRRRR ","","false"
"@cuneytsevi3502","""Ask not what your clan can do for you ‚Äî ask what you can do for your clan"" Kennethy says before being shot in the head by the Evo Musketeer","","false"
"@FXsensei2","Perfect timing. Thank you Ken, I can eat on time.","","false"
"@omarragabb","Hi kenny","","false"
"@tomoya6040","I swear I remember reading tip that said ""Goblin curse used to have dmg amp""","","false"
"@chrissyoons","everyday that passes ken looks more like a drug dealer","","false"
"@jochen6175","New Face expression just dropped","https://yt3.ggpht.com/ytc/AIdro_lU2Z4ZjUY1ArSHLubVlrgs2snW96c4KBy_GQa_EKakD7U=s88-c-k-c0x00ffffff-no-rj","false"
"@0kayArt","2:52 gooner spectators","https://yt3.ggpht.com/hufJCH-BCMU5TD1TRryeG3Q6zDC51hKKMm9RT85eRb4ATWnF3ONxMLjbf1UJt7a1tyOONIu_=s88-c-k-c0x00ffffff-no-rj","false"
"@homelessfan","5:40 Me when I want help from HR:","https://yt3.ggpht.com/wWSf_i3OqwkOI1OokqufJ8uEQIEGuAay_es7t5Z_E3sKyqvHMJO0RmQ7thsXOvQFERh3pE0wqwk=s88-c-k-c0x00ffffff-no-rj","false"
"@andrushaOwO","10:51 bless you daddy ","https://yt3.ggpht.com/AeghH_RIcl7yG5rLrZP6qtZlvWQigQoRIxiG3xz3ptN6AHDNNU5JL-I3AomoWkDit-AcUadHxw=s88-c-k-c0x00ffffff-no-rj","false"
"@leongfeller1312","I'm a simple man, I see goblin curse, I click.","","false"
"@homelessfan","You're my curse, Ken","","false"
"@OkthenBi","""and goblin curse."" Ken says in response to the clash royale devs asking what they should give an evo to next.","https://yt3.ggpht.com/6PF977ShmuYbtPr6VnJqREhMl5Owmfllnb8fKS2DgVlvP9giflVhDd5m3m51wBCWTCHWH5d8=s88-c-k-c0x00ffffff-no-rj","false"
"@BOBDEDUDE6","I would cross the street if I saw koblin kurse late at night...","https://yt3.ggpht.com/_znnDt2-CqvXbN_ILHLnPwO20VTSmbUxGAza1CKz58vcRruuUmRc0xE3ugReNCI5o6QP--rpGA=s88-c-k-c0x00ffffff-no-rj","false"
"@Runegiants_sweatrag","Ken just realizing what I‚Äôve been knowing this whole time","https://yt3.ggpht.com/YvE3YEgZznp024HcpPsF5sH_Onp08PojU7qq2URx6oDZdrkEB4iiBHKmEMgBtKLyfOe4hWUvzg=s88-c-k-c0x00ffffff-no-rj","false"
"@tuckerstone150","Galactic fumble at 0:01","https://yt3.ggpht.com/373G6oUtvJJFTO2a6eTw5p7nxUZ8HDs-mDNpIhqmhHy0-5XBRYADymJ-NgMGISx2j-afjvCaAfc=s88-c-k-c0x00ffffff-no-rj","false"
"@Uncward","Rnjesus   bless me with another goblin curse tutorial from Ken ","https://yt3.ggpht.com/ZRhVx9SKREnpsM6DPJ7Z17vA5c4SvCZryhT_pXhrViLfxemBcZAzR4O0aLbIeNssGS3XkFpGJvc=s88-c-k-c0x00ffffff-no-rj","false"
"@juliansiekiera","‚Äûand goblin curse‚Äù says ken after taking a shit","https://yt3.ggpht.com/vgs-nbH5niJvKVhGPKNTm_-eP1IOUoL-Gb6dTMg9urkUzpo2cA77HvPPHiyaipqFY3cGz6RjoA=s88-c-k-c0x00ffffff-no-rj","false"
"@Fouffy","Once upon a time, a little Goblinstein came upon and underleveled Berserker. His log leaked elixir until his elixir pump was completely empty. Oh yeah, if you couldn‚Äôt tell Goblinstein is referring to Ken.","https://yt3.ggpht.com/g7EPjtRJQMwPcB9K9d36VFTGf4f75ImAbWmGz_vILMUS9MjsmXAti18DjbylnP6EjkNgUqLROQ=s88-c-k-c0x00ffffff-no-rj","false"
"@baran6451","Ken is PEAK Goyslop","https://yt3.ggpht.com/8v76HPwcdGheOWA5SyufxBw_6QWgWaYCzG5bhjGKR5MZxy1EBOXbzNgDsP4vy-RW9Q-_MsxTvA=s88-c-k-c0x00ffffff-no-rj","false"
"@anotherguynamedalex4281","Ken, it's yours.","https://yt3.ggpht.com/3tVkMPYxXUX0hvw7OtYXV8d-xkWOmgeLHjHPeoCZGhaTc1IkYYCiwDWNXDUPVra4CEAUF4NEKg=s88-c-k-c0x00ffffff-no-rj","false"
"@makingmenweak","Ken is officially cursed now","https://yt3.ggpht.com/P_veURLdWO9J6uNpIV8nJNG5yjBjOeYVLEdODFrahCXNPiAexGu3hqISUjn8ZUgARV5GM_dO=s88-c-k-c0x00ffffff-no-rj","false"
"@butterssan114","Ken looks like he‚Äôs being born","https://yt3.ggpht.com/ytc/AIdro_m3z2sovNh76qmyTnmt7g2FOUz0fVLl5H3AzLr_T_cH7jM=s88-c-k-c0x00ffffff-no-rj","false"
"@pipidon1337","He really likes rune giant now huh","https://yt3.ggpht.com/ytc/AIdro_lZq3XVF-lSlyOSOH2KII-x_HJIgmuB5Khxc9YRceHH5iM=s88-c-k-c0x00ffffff-no-rj","false"
"@ABORIZ_AB","Goble on my curse ken","https://yt3.ggpht.com/7esZMEQUkQQlnEIz8rRzm6R-c8gr-ahug9ulEkNS-KqF0tWct8oKVNFUTCWbGk45i9opxDdT=s88-c-k-c0x00ffffff-no-rj","false"
"@vortback","2 minutes ago is lewkenuinely tow tickling ","https://yt3.ggpht.com/qHS85E3N5-jR-SEgcDDZqlSteYK7BBLviGFNFywDpGPMmuD9x4oVJZdaDqgfqGbENJCaWBC-aA=s88-c-k-c0x00ffffff-no-rj","false"
"@leonardobellan9710","Ken isn't allowed to be 7 tiles within a minor","https://yt3.ggpht.com/ytc/AIdro_nBKniAMvNElhCG3OQPtipPrYYFcYco7eVBLnQeF54Otw=s88-c-k-c0x00ffffff-no-rj","false"
"@ihateillo","ken could be aussie and i wouldnt even notice xx","https://yt3.ggpht.com/Ntc24EGc_Q7xcyOo2jMLzfRxBaBe4QBEC85cfIbX6P8F5emGh3jlvuNbs_zVguqNTC-bOMK15w=s88-c-k-c0x00ffffff-no-rj","false"
"@liamclarke7366","ken the ghost! has not seen sun since 2025","https://yt3.ggpht.com/-ygGy2izqoqFsNHkQDUxTFpjRdg2mMowQYimELfmJdA26JI31lmWrb-kALvTD7MZIgabx8Rz=s88-c-k-c0x00ffffff-no-rj","false"
"@ELZ-n3o","4:59 if ken becomes a kids toy review channel ill send him beserker teddies to add to add to his secret collection","https://yt3.ggpht.com/ytc/AIdro_nj7PAq489rI6NHK471MkFocojz6YJXKcDqEE2K1NQlj-I_sNgBPBPSsnyomX85OyBptw=s88-c-k-c0x00ffffff-no-rj","false"
"@notstampgoat","Well now we HAVE to know what happened. SURELY though Ken didn't fumble someone again that'd NEVER happen","","false"
"@GarTuggboat","Ken rhymes with Ken","","false"
"@Franekpl-h7f","kens dressed like his about to meet a 8 year old kid","","false"
"@vadepierce4542","I can‚Äôt wait for Ken to get to 12,000 trophies so he can start denying squeakers from getting into 12,000 trophies again. I loved it when he did that at 9,000 trophies. It was one of my favorite things","","false"
"@ColtenVeyna","Ken enchanting his minors.","","false"
"@ultimategiraffe1330","ken has goblin curse irl","","false"
"@gavinpineiro8777","Ken think about it. Rune giant w hero wizard, Evo E Drag, and Golden knight.","","false"
"@Donny148","Waiting for rune giant and magic archer Ken","","false"
"@ansarishamikh_","magic archer behind rune giant will give you enchanted demage on everyone he hits","","false"
"@mikoajkot9929","Lol I think that I saw a tip ‚Äûgoblin course make a damage application‚Äù, am I the only one?","https://yt3.ggpht.com/DX8_mKI0NVmqvPiDVqJ0QzxEbO-SekTr4nJJDBdid-B9QFZ45O7gt86He5f4KYk8GXfZ0r4HRg=s88-c-k-c0x00ffffff-no-rj","false"
"@Pigeonwithglue","If there‚Äôs only one goblin curse fan in the world then it‚Äôs Ken. If there‚Äôs no goblin curse fans in the world, then Ken‚Äôs dead.","https://yt3.ggpht.com/IKaOeq79eLNETeTjJk1N_iI_oJMqbsGAraHw7giFHXtWdS-E0kVy9XkHMhqTpeXyAB2BInlqBPQ=s88-c-k-c0x00ffffff-no-rj","false"
"@mymum2775","ken cursed me with his goblin curse then i proceeded to go ""goblin mode"" all over beserky","https://yt3.ggpht.com/ytc/AIdro_m8S3r9evDCwIhc4HsnDdhN1KHVP0dQZdAiEoJ81E--=s88-c-k-c0x00ffffff-no-rj","false"
"@prodlenzi","kens been playing rune giant a lot to get some intimacy with berseky's mom the day he meets her to announce the pregnancy","https://yt3.ggpht.com/XJ-Iep79ysTrMDDNNyCi7w6q_3yZwSenuuHZt-qMwnKYtQxquLHhFwbofvceF3hQKp13FQR0jw=s88-c-k-c0x00ffffff-no-rj","false"
"@RubenDMartinez999","Went from depressed to undepressed after seeing Ken uploaded","https://yt3.ggpht.com/bpkstmtlgkqucUo_yy8Va2PlzGRw7Cohbcg-BWcZVOq8adrQtWV-unI56urx6aywOrv9z7ia=s88-c-k-c0x00ffffff-no-rj","false"
"@DominicLicavoli","anybody else lowkey miss the green screen of death","https://yt3.ggpht.com/_MeTb_XPVQJipgqaPBBog-Ks_r98eh_HB5SLvJehrXXi-eF2t48uT8uaDTbkrKPkXPkLo-GMiHs=s88-c-k-c0x00ffffff-no-rj","false"
"@bigsteppininmystilts5044","certified lowkenuinly a banger","https://yt3.ggpht.com/ytc/AIdro_lZuWH3rdOqMvm8l4Q6yZlUvkY6VYCygVrBbOzr93o=s88-c-k-c0x00ffffff-no-rj","false"
"@GueDe1","Ken, the type of guy who is always pregnant yet never delivers.","https://yt3.ggpht.com/vYgwMh3zUJVw8PJiLZpuT9aYZHgJ0QitMYlYTxQOwYRv3b9qBo7czmF3gppCQ3HEesJqi1oh_Q=s88-c-k-c0x00ffffff-no-rj","false"
"@antoninstrelba1948","holy refresh pull twice in a row","https://yt3.ggpht.com/ytc/AIdro_nsAD_HdFYF1nRVCQ9uNXsRsyzfzOSWdW38MbzmdA7uNjkz=s88-c-k-c0x00ffffff-no-rj","false"
"@lowlifehighlife","3 minutes ago is ball fondling","","false"
"@mainbraine","6:22 Day in the life of Ken","","false"
"@bilalassarouhi3859","Ken is the type of guy who would bully famous people on clash royale","","false"
"@breaddude5343","What a handsome fella!","","false"
"@NicoleSanders-n8o","You don‚Äôt perform, and that‚Äôs what makes this powerful.","","true"
"@realjuandalepringle959","notice how he avoids level 18 (mirror + royal chef) berserker","","false"
"@ziggleryoloxdhd1484","Daddy loves playing","https://yt3.ggpht.com/ytc/AIdro_lNZDxtX9iaOPyPUiJoDi6PoLuXrWIMgPSFdEsGPTmAUg=s88-c-k-c0x00ffffff-no-rj","false"
"@J1bberJ4bber","I was gonna ask for Rune Giant X-Bow if that is possible, but now I wanna see Lumberloon and Rune Giant. Pretty please, Kennedy","https://yt3.ggpht.com/wzxOnKNx_4LVFPfYcyRd6k0B3CfhKcgvW6xQuSY5UGiXxIHWMWWWahw9mgY09jrQNIyAxt5LxA=s88-c-k-c0x00ffffff-no-rj","false"
"@yuriislife2381","Shooter Ken variant","https://yt3.ggpht.com/ytc/AIdro_m85etoEEvQoo-dSPr8-mo3dLKCFibNoIUlsu6rjc9uRJI=s88-c-k-c0x00ffffff-no-rj","false"
"@puffypig","never thought id see a rune giant deck in 11k trophies","https://yt3.ggpht.com/6KeM-k3-RvTc48yLLsPtCuhFTL6hiDB5nN9IfimqlgYSmq8vZIqjPnvfWvkY5j1iVX9EgPLEEw=s88-c-k-c0x00ffffff-no-rj","false"
"@DEMONY67","daddy chill on loading ","https://yt3.ggpht.com/Pd8D9g-D5koqRS9i5frE8mgNh-wjUtIGoEun9eXSjwMhfOfysoaMDxszaJr_lylk_Onx1GLfnDU=s88-c-k-c0x00ffffff-no-rj","false"
"@ja_wu470","Good job Kenneth, this was just on time for my lunch","https://yt3.ggpht.com/pCcojBWVq4vwKRpFiM0KwvsCa-SBJI1fZdOZOI0DhwqjfZvhSPxyZfPK3dkuoSQxm4VPSNZchug=s88-c-k-c0x00ffffff-no-rj","false"
"@falcongamer58","Ken wizard","https://yt3.ggpht.com/ytc/AIdro_kVnf7lvxY11hP7MRQSfLcSby7W2fuJIwvxQelb4hocBK0=s88-c-k-c0x00ffffff-no-rj","false"
"@Kensington-z2e","10:16 ken begs beserker","https://yt3.ggpht.com/ytc/AIdro_nACY4VmZ5Y1kK3mE51WVi2QK1aSFVtOrkJuGjsOxX_u23X4lgnF3zfqqV9q95vFmA0eOc=s88-c-k-c0x00ffffff-no-rj","false"
"@MrSalt76254","WE love goblin curse","https://yt3.ggpht.com/1ZNKcWP8bTl2YHMPnULdQx7kgvKkGFCBotifUcIX8rrd6wITKGYTiW2-WCHQujaX7GyJw2zs=s88-c-k-c0x00ffffff-no-rj","false"
"@mixaa18","Evo mk AND fisherman","https://yt3.ggpht.com/ytc/AIdro_n65nilsr7Il2SdpwD0dwoLp40XOIACFM9LjvDY7mAb2wc=s88-c-k-c0x00ffffff-no-rj","false"
"@Gvoudw","Ken is the type of lad to post while I‚Äôm eating","https://yt3.ggpht.com/eR5SiZ643xn1gWgoEA1KuGWdpo-GNKCI4DTWVai7pI7HNYLByB26K0vRTQFhrwYb2wUiTdwX5oY=s88-c-k-c0x00ffffff-no-rj","false"
"@konakke1","ken","https://yt3.ggpht.com/ytc/AIdro_m81r_RpGR1QRuXGaIjnZ704hcTjmxb302myUEBvTIs7E0CtI7KeKkbUKrNx2U71JIRrQ=s88-c-k-c0x00ffffff-no-rj","false"
"@Pxlr27","Ken and goblin curse","https://yt3.ggpht.com/BsBxKWDDsxgucbesg0Fy6prXOv1XJc6GDKHtin8H4tk17ydw7ExSORwtPj7qWNdJjSNgbMVhmQ=s88-c-k-c0x00ffffff-no-rj","false"
"@ShooterMcGavin_","2x speed already watched the whole thing","https://yt3.ggpht.com/ytc/AIdro_nAtZA_8Lw04uPTsEWxK45e79eTvk7tm2_Cph2VLeJ8yLM=s88-c-k-c0x00ffffff-no-rj","false"
"@Groggy_grog_hog","Holy fresh pull","","false"
"@1Just_A_Person1","i wish rune giant worked for my log","","false"
"@scott2713","Bro is cold in 2026","","false"
"@davidnatzkin","Bless you...","","false"
"@NightslayerVI","Goblin curse used to have damage amplification","","false"
"@damaan-k8j","you were late, kenny wenny...","https://yt3.ggpht.com/ytc/AIdro_kUSqB9_0cB2Xfe_iVPBhI9OS8Uah1pHjKRdzYH99xrZWzqtEzY1q1LlszdYWYsWdNFaA=s88-c-k-c0x00ffffff-no-rj","false"
"@chuchacz-xoxo","bro is recording in a woody-hoody","https://yt3.ggpht.com/gRCK7D6KqW7zn0uC2Qy7HExrVV3b6bfX7o_QoMHuEm7jzzNeUjSgb6YPp9ymdq8IY1v_pQXSoGw=s88-c-k-c0x00ffffff-no-rj","false"
"@fabiii2831","Fun fact: Ken actually isn't allowed to get into a 7 tile radius of a miner","https://yt3.ggpht.com/ytc/AIdro_lkOERR-GGQNmPsacCzxdEuwauEWY7Bi6ZXn9kmCHI=s88-c-k-c0x00ffffff-no-rj","false"
"@Benwinzzz","37 seconds is crazy","https://yt3.ggpht.com/_pi9RWS_QRDCbk9sjGzYJQwNENtxUCC46S-IUsm-h8VmCoXw7d7pJ54BmXdXXGAw30Mq5RTj96U=s88-c-k-c0x00ffffff-no-rj","false"
"@LiamJackson-k6j","ken let the beserker out of your basement please, she needs to be fed, shes only level 11","https://yt3.ggpht.com/YxqLNohnSVwBIS76ATQW4LF4u3h32t3OmhLJ_p8r8Prxsy56E9612zHeTsPlr6RltzWjUrQxYl0=s88-c-k-c0x00ffffff-no-rj","false"
"@idkchannelname6506","Hey Ken! Great meeting you at the bar last night! Don‚Äôt worry about all that crazy stuff with your Log, happens all the time","https://yt3.ggpht.com/ytc/AIdro_nj5NQIPjQQILHhvpWQjSU6IntCmoMOr9Zy6Ni4OoA11A=s88-c-k-c0x00ffffff-no-rj","false"
"@Zedward57","No way he‚Äôs using both","https://yt3.ggpht.com/9Dz9Y5aMTvodJxIKRMXWmAxRMqjkm5zGm00o6Ourfqm-rwxyTjOgqrjQLRPM0q1pnPC3jB9b6Q=s88-c-k-c0x00ffffff-no-rj","false"
"@rockyjohnson7082","mythical refresh pull","https://yt3.ggpht.com/ytc/AIdro_miWDBubO1zxMPwSZJiMdx00Bltj-EeV1xEASPCNauOBg=s88-c-k-c0x00ffffff-no-rj","false"
"@valclipped1507","5 minutes ago is toe tickling","https://yt3.ggpht.com/EBGj5IgoibMdHTSmH1VkW5QSkwYZW3o6vjxKfIvxPz3uou0DB9KKWeYuVAIL1ExMiagMQoo6NiI=s88-c-k-c0x00ffffff-no-rj","false"
"@relievedkocour2539","Watch Supercell nerf Rune Giant because Ken is having fun using it.","https://yt3.ggpht.com/ytc/AIdro_lPYsy1OEpv0J8l14mfGHEaz9z3e6rDw7sTNtm5TYNuvL0=s88-c-k-c0x00ffffff-no-rj","false"
"@maxnotfound1162","Bless you ken","https://yt3.ggpht.com/9mR9oGZpNKG8KUoonnbhMLtKQQeC1S7WTPqqEV-5qgvESrB6GVc2N6opMXz0fdtwPUg5zQUQAA=s88-c-k-c0x00ffffff-no-rj","false"
"@z0089zo","Scotland","https://yt3.ggpht.com/yvkHm3Ei2m0JiigmfyOG6wuiEDVOd1DeFVTTnOMBwZINgoBKfAg3uQ02-OsAS2xCYZXj-kAlirg=s88-c-k-c0x00ffffff-no-rj","false"
"@motyh1","10:38 bless you daddy","https://yt3.ggpht.com/Ot1w5kAfCIIeifzg_2Nm2cS5IMcffU6AyWR0fyPWIougmCkScCJ4AOETdCZfaXplzz25gG1i5w=s88-c-k-c0x00ffffff-no-rj","false"
"@DinoBalik","The early bird gets the ken","https://yt3.ggpht.com/kLAt6-Hxc_eiFpbG3bs7M6bFPFyjz3UO-sp46qWLMcw2JI-Wv30I1omnuqciJw-q7qBqJm9Wl4w=s88-c-k-c0x00ffffff-no-rj","false"
"@IncriminatedAntelope","Ken and goblin curse","https://yt3.ggpht.com/ytc/AIdro_k_YYK3DguaTmEf0OS9ni-p8B3OjUgYPwUVGcv44bnzgXOkhkPcnYEaaiqygACONf8Oaw=s88-c-k-c0x00ffffff-no-rj","false"
"@bobjack1962","5:45 they did add the tip","","false"
"@hudson_722","got me scrolling youtube just to refresh and see kenneth posted ü•π","","false"
"@ZDude55","Bless you","","false"
"@Syrianlove678","You can play miners on my tower, Kenny","","false"
"@AbusedSpider","Well played Ken","https://yt3.ggpht.com/ofEnUBkOTe9f8WqXPUfkVnY15jkI2JyVfQZDvYL9KXDltD8sYAM8hmVafeIKvBmGmx0A2kwBTQ=s88-c-k-c0x00ffffff-no-rj","false"
"@beckdaman6442","I ripped my Kenjamin to watch this","https://yt3.ggpht.com/ytc/AIdro_mhg68fxfG04VeFz-ocdADduhlzwZsF9Le78wTOU7Y=s88-c-k-c0x00ffffff-no-rj","false"
"@JcBTW1","rune giant + hero wizard, trust me ken","https://yt3.ggpht.com/QNqm20oeYdd3n_NKMzvOiEPw9hVTxGUYZ3UdE0EClsUzKPMwcuWCEPJMVW8RfgndQmbf14MOyzM=s88-c-k-c0x00ffffff-no-rj","false"
"@FreshKicks0","You should make a deck with all your favorite cards, Kenzo","https://yt3.ggpht.com/XjJecZLRjyzHvW3-kcpy0JoGmRJwZtr55ZxrOT8RFbrpwq7SXVf2ebrJwql6PSxLkmrODsg5=s88-c-k-c0x00ffffff-no-rj","false"
"@Rugga_56","Evo eyebags","https://yt3.ggpht.com/ffJBJKzyIy-bq1bRoEvmhX0x_yD86FkKo8vYKht86PLF2OLbRbLT1VzxSlU2stWjLVmyrDlYKQ=s88-c-k-c0x00ffffff-no-rj","false"
"@progamerericjones875","‚Äèholy refresh pull","https://yt3.ggpht.com/ytc/AIdro_m0s1ibUQ7iCd4b_H5hsBCt35cjnZ6noqmaXCr9pkE=s88-c-k-c0x00ffffff-no-rj","false"
"@cheo1548","i miss bananatapioca so much","https://yt3.ggpht.com/ytc/AIdro_mt806ZZkf2USw75RMkfu-KwQK2winqJLVpiqEt20Y=s88-c-k-c0x00ffffff-no-rj","false"
"@Yegu-l2s","Ken looks like his mom is kinda homeless","https://yt3.ggpht.com/D-IMYs2SbXAXUUOrWrEsQfL_4slKkpRr3iWz8Q2NC3Bvy1Bngoa1vWjbEoWGvRYwSLz8j7K8Ng=s88-c-k-c0x00ffffff-no-rj","false"
"@LeadoffLemur","6 minutes ago is toe tickling","https://yt3.ggpht.com/PkEeO4MJa8UCSVqiVPeBav8a9HX3NtZYEk3M6f4qqbJG84FD9WEJLRO741Wby2VNLa_j7vC6jw=s88-c-k-c0x00ffffff-no-rj","false"
"@sekirojo7162","I think a hog + freeze deck would be a good video idea","https://yt3.ggpht.com/InEnxJA7AJziuBoyRcEMcwHv8VXF1afircmYOpWEytwBnCaOcb_l2d7YIbQjnkENDuf5UKPj5w=s88-c-k-c0x00ffffff-no-rj","false"
"@felixrey287","ken sold me fent","https://yt3.ggpht.com/ytc/AIdro_mf163iZ7hEKp0mqAHL7c2iypJeAXm2mJjvlZumlvs-ixI=s88-c-k-c0x00ffffff-no-rj","false"
"@carlos7047","holy refresh pull","https://yt3.ggpht.com/aG50bWOhz_PnHMQv-XZMwPTgOLYv8eRhSUJVoAMipzWPtQ1XvnByOU3FapgSGGr56b0rRZOjqgQ=s88-c-k-c0x00ffffff-no-rj","false"
"@ShadowFrosty101","Bring back club penguin videos Kenny","https://yt3.ggpht.com/kHLzOVCGcadEHpWwIGJ-RyBIbTDeUIvwFQBdl2r7kVxFZYBn5Nj2H4dfFCXpu01zBBUfztGQ=s88-c-k-c0x00ffffff-no-rj","false"
"@Plxzcz","Ken curses his children","https://yt3.ggpht.com/rlRk_Sj3MS6rkOVZ4RUVO82M3UE7-ElXIWJDaDrZglpap8STzXgm5VW47wnxYvoV-eQaX96GPg=s88-c-k-c0x00ffffff-no-rj","false"
"@goofygoober4205","Ken YOU‚ÄôRE the best deck in the game!","https://yt3.ggpht.com/H5mfSPy6Tdbpre1aJB-QaNBx7MVtCajpen_iDy5NaKKfrGDvSmrM51hxsXAur_nXUlNaqT-m=s88-c-k-c0x00ffffff-no-rj","false"
"@adam9875-s8x","Holy!!! You can see his soul leaving his body slowly after each scottland video, what activities are u paritcipating in while scottland Ken","https://yt3.ggpht.com/ytc/AIdro_n6ZBBa_3wssvZ-3uYejR-pYif7bZ3F-sJr33JSyktwwYCCLRkkFCHIjZW7Up1yAzVU4w=s88-c-k-c0x00ffffff-no-rj","false"
"@ujjwalmanda7854","20 sec ago is toe tickling","https://yt3.ggpht.com/ytc/AIdro_mWDlnNvAXUXUpJqUoCKI2tja0h1PsZN4eoI9dnBf87w6E=s88-c-k-c0x00ffffff-no-rj","false"
"@emilianosalinas195","19 mins how fast this video grew..","https://yt3.ggpht.com/ytc/AIdro_k1xAHq4UQKCU6ojeIdS11taoL7QTChRY2xzdUJU4i-tyF8=s88-c-k-c0x00ffffff-no-rj","false"
"@Damnboi6995","was caught by surprise at the end with the evo sneeze","","false"
"@Abobus104","8:02now that we are on the Minecraft topic, I NEED Ken to play Rlcraft.","","false"
"@CanzoniMP3","how could i almost forget my daily ken","","false"
"@togiproto","Ken, our level 1 berserker is hungry. Please pay child support.","","false"
"@hemppahemuli1095","""Kenald Trump"" wants the ""damage amplification"" back for the national security","https://yt3.ggpht.com/oaEBuqr2abw5BaVZHQvzJ8dpEvxvCr4V2A-vGpcMXPJ_47GifQNoxU8Y73Ba6iVpd0zWVwz3FQ=s88-c-k-c0x00ffffff-no-rj","false"
"@mog8d","maybe hero wizard's tornado is also enchanted by the rune giant?","https://yt3.ggpht.com/RxwSeV7mctCLRPV3eaT49_gWRl3Xd7jZbe8qAtHXq1THXcfYn7c_ufjau-UMzmJy0VjK27gh=s88-c-k-c0x00ffffff-no-rj","false"
"@swordslash8","Ken playing miner on the tower and minor on defense","https://yt3.ggpht.com/GyBxkOU8klluIE7WaDr_IoiBRr3CCzRM9Ry4YqsFw_Hv67Tw5V3gDsr5-Fi7PotIePeHEHttSw=s88-c-k-c0x00ffffff-no-rj","false"
"@niyki","Ken, in a few videos tell us the story about the bar that you had to be there for, cheers","https://yt3.ggpht.com/qEqwsQJCGi0T2AprKPFpzIHP2JwtLpcVtep6C9sLP0nSPsHHooNa9DKBsrsIyKY2XSoONydI=s88-c-k-c0x00ffffff-no-rj","false"
"@severusbernard7404","this is the third time in a week you‚Äôve shared rune giant with the class, ralph ","https://yt3.ggpht.com/ytc/AIdro_nlBilyjMA1U52oKK26XZ_UcnniCFBmVBEaZcWRZocnDN18ZKMnESUSGCHsm8S0Thv9RQ=s88-c-k-c0x00ffffff-no-rj","false"
"@Austobreezy","Rune giant evo inferno would go nutty","https://yt3.ggpht.com/F5ZINx4ZQzcDBAnTaAUNBRLA2tG4qTI2UjJzDDrj8JzpfcWTz9RGFIS639LoX_-kDCI6Jj4VOFo=s88-c-k-c0x00ffffff-no-rj","false"
"@albertargueta1312","I've said this once but I'll say it again, just for you Kenny. Could you play Rune Giant with Hero Wizard. You said that you liked the demolishers enchanted hits cus they were splash. Just imagine the Hero Wiz ability splash","https://yt3.ggpht.com/-Z6vkGZliqnc7KPsxCfQMIiQ5eFT1RbR_CKYhbTVxkBjBu4pP2voJhGr681oDqsfoetkdyDRUQ=s88-c-k-c0x00ffffff-no-rj","false"
"@zornix","holy midstroke pull","https://yt3.ggpht.com/0lFHc8C73_TcGpavMP5KTRlH8UKoOeyf6q-JKaHYw5tO2U9YPO7LaC2JA5Dij-_xlULxpJnjDQ=s88-c-k-c0x00ffffff-no-rj","false"
"@ramiaboufakher881","You're late ken. I had to shit without you","https://yt3.ggpht.com/ytc/AIdro_k-yVlW830YBR5FNQtLd5a121Smp-yH_8OwvS1HoSE=s88-c-k-c0x00ffffff-no-rj","false"
"@AN4K6N","Nice one ken really creative","https://yt3.ggpht.com/JqLAjMCgQ9Iab3IeSzOvlxi9UMdcyj4I0ShhCzNSdDCzSMh8n7upojztbs8V_x6LJ8UaUVJsyww=s88-c-k-c0x00ffffff-no-rj","false"
"@AbuvAvgJo","Common refresh pull","https://yt3.ggpht.com/JhQRJifyFA-1fJfRAZiwp23l5wHug4AABBfkLdvoKsVI3JPQNNCCm2CVGgArCZvSYf_r7oNt-w=s88-c-k-c0x00ffffff-no-rj","false"
"@goldenmeow2457","Unironically Ken is the best clash creator of all time, the gameplay and the yap just wonderfully fit his personality, love your vids although im 51 backwards and heard not a lot of people my age watch you, KEEP IT UP KING","https://yt3.ggpht.com/puzzU0OC79sj5ZHMBRLSEJxdo5hWFCmpyZHD8FM29DtMW0fUgXfCrbJwyUoptCQYcS3zZEgk=s88-c-k-c0x00ffffff-no-rj","false"
"@cinxeo","kenny wenny my goat","https://yt3.ggpht.com/Q4wFo8todkUA6HQez20RLmwgDjTojZnk17Tj3R_T-y0MALqJdLj7rhce1U9J5OJiFP8oqSG4qA=s88-c-k-c0x00ffffff-no-rj","false"
"@n8_th3_gr86","I literally just fought that second deck on ladder 5 minutes before watching this video that's crazy","https://yt3.ggpht.com/S-vL7XQyGl-QyYUD-47D068W8UrMjUN0x8ME7SCDzKumpjqLofQzob6Yp9NWf-EoYMBrnZkM=s88-c-k-c0x00ffffff-no-rj","false"
"@phamAutoWorks","holy refresh!!!!!1","https://yt3.ggpht.com/YUKJBLw7rjeUy0IQZN90MR9x3aXzFNAN-96Edu5dmhXVGwQ_o3BJmEImXZm8sDbtQLn4hsIbtQ=s88-c-k-c0x00ffffff-no-rj","false"
"@sho8396","Peak.","","false"
"@kiwy2570","what the hell are you talking about","","false"
"@Vicks77","@kenforrest Goblin curse and Golden knight try it ","","false"
"@dascj4042","Ken, you really need to stay away from the miners and bazerkers, we love you ken you still have time to change","https://yt3.ggpht.com/ytc/AIdro_mss1GIRIHcj4atzhMOm_9qRyTkuGNP20vnHzuIIzm4vQ=s88-c-k-c0x00ffffff-no-rj","false"
"@danchel936","i just got to the toilet and ken uploaded. it‚Äôs gonna be amazing","https://yt3.ggpht.com/Suwc-rQnmL9cqWuOljiTS8H15X6ReQm4Q2nTRUlqbgX27t_NGRYEq4AXcQG5Bw2JO75Nb1-yKA=s88-c-k-c0x00ffffff-no-rj","false"
"@monkeydonkey215","ken is never coming back to australia ","https://yt3.ggpht.com/yIn9V11bd3YVGO4qizENR2S7WdFxwcnvjqKjU86MGOkBgvl6iMBxeRSFlgpsyoyUUuCucKNN=s88-c-k-c0x00ffffff-no-rj","false"
"@hanzi6785","9:01 ken shows what he did last night","https://yt3.ggpht.com/ytc/AIdro_n17eVS6yOwSEgbNTgXc4n9JeOKRE9MMEESD8Bfcg_tgLUU3ZPzBmNs64A-tbv0zyDUoA=s88-c-k-c0x00ffffff-no-rj","false"
"@whyme6821","KEN DO RUNE GIANT AND ARCHER QUEEN WITH HER ABILITY","https://yt3.ggpht.com/ytc/AIdro_mbzNOO_EqG4iOk92f6NaQehmdsW-5J7v-hdPWZWRt65t0=s88-c-k-c0x00ffffff-no-rj","false"
"@IntercosmicFPV","Kove you Len","https://yt3.ggpht.com/iKQJj4kANUBmTo22BgAN4BE_4u7coVNYu3dG1oS_AXDd0k9SbrGDZSQert3qYeF-TADH7tyyvJI=s88-c-k-c0x00ffffff-no-rj","false"
"@declanlavallee172","proud of you ken for rarely playing with minors","https://yt3.ggpht.com/S7g2m3uEQt-opzhtEzk-tTnF5Op9s-1KwfEoDqj7K0VkHvkJvbJCOCuMLI2zsF_9uFpOax1cXUw=s88-c-k-c0x00ffffff-no-rj","false"
"@Qwenogd","holy fall off","https://yt3.ggpht.com/37Sb1hOE_DTBdWC0_lXiS9r_CSgsMQ4dkzedIybfAaEZkmePo2fCNcOjM8cTISa7atNTkW6AJg=s88-c-k-c0x00ffffff-no-rj","false"
"@CaptBaden","Ken you have to try rune giant + hero musk turret","https://yt3.ggpht.com/q4fkFMBCqY6eh-k_5GOeFLCH-NXwl73M02xhx_M3Q6OOba-RS3ytxb-UoWs5H0Utmv4nurqd-A=s88-c-k-c0x00ffffff-no-rj","false"
"@coolguy69420L","I watch all your videos on 0.5x speed so they last twice as long.","https://yt3.ggpht.com/m6nHxB6w9TyeHuh9eQ9wI4lgXlJLoDn79_Z4kmRahB1P02Ohdiaw-v0rsSsP3bNtrkw1U5y3QZc=s88-c-k-c0x00ffffff-no-rj","false"
"@MertMutlu-j6j","KEN PLEASE SEE ME KEN I LOVE YOU KEN","https://yt3.ggpht.com/ytc/AIdro_kexSU46w6cYLAw7n2skj-kjy6uv4tRLz7Q3K1rsh5kWb6z0DWyfRdUElppkPxsBgt36Q=s88-c-k-c0x00ffffff-no-rj","false"
"@Foggy18","Ken is the goat","https://yt3.ggpht.com/hWlX4C9hQUT15bPOmeWa91wgby1K2oqz_iJAVGtbundXCsljd1Hpi2uDnJVXL5yW7do0xW83=s88-c-k-c0x00ffffff-no-rj","false"
"@0kayArt","4:41 bro???","https://yt3.ggpht.com/hufJCH-BCMU5TD1TRryeG3Q6zDC51hKKMm9RT85eRb4ATWnF3ONxMLjbf1UJt7a1tyOONIu_=s88-c-k-c0x00ffffff-no-rj","false"
"@charliezard64","Ken pooted","https://yt3.ggpht.com/2yqoo5eBwQX2nTJAfIJcKq5n9lPpDatRrbH4-qjghyei28ZoyWh6_ypwFlojbH40eac2vt0V2m8=s88-c-k-c0x00ffffff-no-rj","false"
"@WhipLash2457","Im giving ken bonus dih with this one ","https://yt3.ggpht.com/ZGias_snOhcxTBrAF3uYp7wSXveIY4H2GIygPMPU5P7ph41ORNE5MxRRiN-6imFdpPy34u2UPw=s88-c-k-c0x00ffffff-no-rj","false"
"@panemaa","7:43 true","https://yt3.ggpht.com/y-OlFa0dfvML1URxemMDbTglqam6BljzNPHL2_Rky8zgHcD5gf7rPC5hQQH8tEUFKxfSr-lo=s88-c-k-c0x00ffffff-no-rj","false"
"@aceyynas4010","NO VIEWS AND 39 LIKES  a new record","https://yt3.ggpht.com/ytc/AIdro_ltBJx-79_ofGPb0V_zDW2OyOkp6nTTJwUtm62xBNA=s88-c-k-c0x00ffffff-no-rj","false"
"@joaopedro.salles","i missed you kemberly","","false"
"@haltEdwin","yurrrrrrrrrrrr","","false"
"@ljubicamarkulinkramar150","Ken you are the best!!!!!","","false"
"@SevenIII","ken are you no coke in this video, thats a real question","","false"
"@bigdude4100","My goat ","https://yt3.ggpht.com/ytc/AIdro_lfJvRb2lSMGESO2FYpBTc7SNXbtMDL8ckbkusw8Dc=s88-c-k-c0x00ffffff-no-rj","false"
"@JamyBamy","im watching you kenneth","https://yt3.ggpht.com/PAkAxp6iwBMwz5JoVRcTneFhwMYeREjCCWwgnmJR77C4w_-48wpRPE4YJLhDa8_kGi0i_w5g=s88-c-k-c0x00ffffff-no-rj","false"
"@tingtangpop","ken stop using your log on the berserkers ","https://yt3.ggpht.com/LOvVgeqeQxge5NDM6_HUmgsbHFQwjFsJDJ_IcekAV-pkdf-NNAjoQnmInldbAxO1HTdb0BjPhQ=s88-c-k-c0x00ffffff-no-rj","false"
"@antonijebobisuth5094","Reckers did this I think, so maybeeee colab?","https://yt3.ggpht.com/ytc/AIdro_lqULl_zl4kd2Kqu-NGfQAeRgktPwzB-Z0A1Snc5T96-MRs7PMnyyGHCmsAyOOuHNpt5Q=s88-c-k-c0x00ffffff-no-rj","false"
"@cretu-v2b","i love you ken.","https://yt3.ggpht.com/U5FyccnPxGXUn65eDCsp8gPG5W1GkdWG7hWqwjoblASKENYirPbx03jEoS_R8xejv1f7O-44=s88-c-k-c0x00ffffff-no-rj","false"
"@Tartns","PLEASEE KENN MORE LIVESSSS","https://yt3.ggpht.com/c2cZMWGQ1hUDhJ_zG7c0yAZbmQjxFyOb56e_4mmNFWBmSZdDAMXJO4qeQEW4B_LLp7R44PcwUQ=s88-c-k-c0x00ffffff-no-rj","false"
"@Endynn","Ken you look really tired. Why don't you just rest a little","https://yt3.ggpht.com/Ki0AyjyhzqhUVgUSytETOypu_GzdyDlJRLy4KKtqikUSF-VUnQAxJMOhT_ceG3BhfLQjohN7=s88-c-k-c0x00ffffff-no-rj","false"
"@vedantgharat1545","Banger","https://yt3.ggpht.com/9cMAGRJq9k_Y48hW6WXQ6dHdPP_tDlqqeV-XpE4rdCeVpkDYVaSePMWMzryF5z5EAD4SMmrWkA=s88-c-k-c0x00ffffff-no-rj","false"
"@afonsoguerra9237","rune giant little prince next ?","https://yt3.ggpht.com/ytc/AIdro_nT1HWvcLrr-fPDtrgxn4GhJUex_UT4-D-g2nZKRJKqECU=s88-c-k-c0x00ffffff-no-rj","false"
"@saraiva6047","why is kenny cosplaying itadori","https://yt3.ggpht.com/ytc/AIdro_m5zeiA-4Tb-In89ZmvEMgfuy4A6nNIy38GdfH0IahJeQ=s88-c-k-c0x00ffffff-no-rj","false"
"@devlinpatrick2894","I miss you Ken. Come home to me","https://yt3.ggpht.com/RPkU_L92u7cp6XjfgYZI4nIOPAEXkn5LptOzwWY1QkBFMxt82R5qOaU3Pj7lbKufHSU2Qx0-yA=s88-c-k-c0x00ffffff-no-rj","false"
"@MumudSadeghi","Day 8 of watching all Ken's upcoming videos in 2026","https://yt3.ggpht.com/mskJd9GY-0Ul-xJ1wyOxsbVz1NutYHYe7Z3bRR4FpHJuEEHX5RK9HhyrKohUN5Ry28GLm0z4=s88-c-k-c0x00ffffff-no-rj","false"
"@PolishDane","bro started tweeaking","https://yt3.ggpht.com/x-w7YM6UjPbjuXSkRTuGXDAnbFk2LojIZyQ1POm-e6mmxPsJl-pbjhSFny3MlW0oEhTLX6JH=s88-c-k-c0x00ffffff-no-rj","false"
"@mariusmarius5412","Good boy","https://yt3.ggpht.com/ytc/AIdro_nZa2L5tvX7AvSd4Ge5CNES4grhI0iSwAR0FOEKVgy-ONyNf84-qq6U12ADeVbgPcot_Q=s88-c-k-c0x00ffffff-no-rj","false"
"@lukasraif6332","55 secs ago is enlightening","https://yt3.ggpht.com/ytc/AIdro_la-H9d58afKmA1gx1QVtyU-KPQL-P_-zFly6BX3pJlvct2ymNDOK1_281YXJGJXUfWug=s88-c-k-c0x00ffffff-no-rj","false"
"@kylep8941","You know Goblin curse used to have damage amplification?","https://yt3.ggpht.com/ytc/AIdro_nQkK2znfxMiesQnmfTAYAGPZ9iWolayZhADH8WjFAPquA=s88-c-k-c0x00ffffff-no-rj","false"
"@kevontrotman9008","Show them rune giant is still a good card!, she is not a win condition on her own but when you pair her with the right cards and enchant them then she is a menace","","false"
"@Migzzzzzzzzzzzzzz","Ruin giant + ice wizard + tornado  please","https://yt3.ggpht.com/8KrxsUdmoDOW59K6b-hPf5nxZdLQdvlk5CnBa8Mmi06JajIR8Dp3NPth6DsBFrGwfkS8FuQ8XQ=s88-c-k-c0x00ffffff-no-rj","false"
"@MrPolisse","Is the outro a song from the lion king 1994 pc game ?","https://yt3.ggpht.com/ytc/AIdro_m9t1Jb3eu7kPkEx0vCg5LY67RImnV8EpmEj7pUwAA=s88-c-k-c0x00ffffff-no-rj","false"
"@LolLol-lr5ji","God I wish australia were real","https://yt3.ggpht.com/Px2PCkp6wIJvRGwVMmJyBCLnWz6Ug677fm2BvhM6e_CkLsewMqVw8rgk-fLZuTeLneWwVW5k1A=s88-c-k-c0x00ffffff-no-rj","false"
"@lebougnat","7:50 i saw it ken","https://yt3.ggpht.com/MiRrfLCjYekqsItpfT5LLyMlFmWcAwVEax2kQkAh6zajO5AJfPhYBGbmYrLZFiGJoH01JcddQA=s88-c-k-c0x00ffffff-no-rj","false"
"@GuentherVanRaven","Don‚Äòt hide, we know you‚Äòre balding. Next video again with Wig please.","https://yt3.ggpht.com/KbAG8MbYMOUW788Pe780ndXRyKxzYgCJMn0eGcQMJgYOW1mqXwLbGRVCxmj0Iv-zouPesOSf=s88-c-k-c0x00ffffff-no-rj","false"
"@monric5730","Ken ya gotta try Rune Giant + Magic Archer. I also put in the deck Golden Knight, Berserky, Rage and Gob Curse

Another idea is Monk since he already does extra on the 3rd hit","https://yt3.ggpht.com/ytc/AIdro_kfmdHnYE-dePyUmBHBgXFZKqcaNdjG1g_Tbj0SJJu-RG4=s88-c-k-c0x00ffffff-no-rj","false"
"@Thomas18123","Unk needs to sleep","https://yt3.ggpht.com/a6zq8i1uNRNqgXZbJc01P3Hf4CeB2XBzFYhqSpQdAW0RGcEZwKibMgYuhTMe2AUQ8cBxyXFe=s88-c-k-c0x00ffffff-no-rj","false"
"@kaoticsweet","if hero wizard has added damage then what if rune giant enchanted it and it did insane enchanted splash damage in the entire radius of its tornado ","https://yt3.ggpht.com/_puQFLrKAuQcefYDBsFpS9lasmvsFgzkDGmo7isVYUx81RDp4lJ462J5caAooFU3Tm2s0Z2Qwg=s88-c-k-c0x00ffffff-no-rj","false"
"@prodlenzi","nice video ken!","https://yt3.ggpht.com/XJ-Iep79ysTrMDDNNyCi7w6q_3yZwSenuuHZt-qMwnKYtQxquLHhFwbofvceF3hQKp13FQR0jw=s88-c-k-c0x00ffffff-no-rj","false"
"@kyrsie","you use all of the cards i love in these recent videos","https://yt3.ggpht.com/nQYtT01ls8OVdLpD--6LliOJwIq6kfwV5id6hjmQocBmEFbcKUh7FJYwzg4ep8yGTdRmDZvg=s88-c-k-c0x00ffffff-no-rj","false"
"@papadabbyjr8071","did u guys know that goblin curse has dmg amplification?","https://yt3.ggpht.com/k5jiMaRXNwd4DXzVz59Vrp8G0FQ0snaSpONfPsmVnvxuZ_CV6JKDBcgHRF5j5la-xpkzQgUa=s88-c-k-c0x00ffffff-no-rj","false"
"@binzheng7374","Kemo","https://yt3.ggpht.com/ytc/AIdro_nO0wHFM_YTFml8hSMQRaDqDCPt8zzGcs6eAbh10yNpefI=s88-c-k-c0x00ffffff-no-rj","false"
"@Iggbog6191","GUH","https://yt3.ggpht.com/fMcWze9cdHWmSCVk2GGSx92Q31v3ztOPOyI9UidafjWobLesODB0s3Fiasi_RpgZkueUjBr98w=s88-c-k-c0x00ffffff-no-rj","false"
"@eliasgibson2878","Rune giant enthusiast must give Ken amazing head for him to keep using this terrible card","https://yt3.ggpht.com/ytc/AIdro_lCBE4Smk4YpsOE55oYqNU-smAXo-SExmPL2G51yvZjZQ=s88-c-k-c0x00ffffff-no-rj","false"
"@Loplyx","Kenny please play Rune Giant Mirror + Three Musketeers 
Its about as gimmicky as it gets but an 18 elixer push with rune giant + musks on both lanes would be insane I think + higher melee damage too","https://yt3.ggpht.com/lptClLb-ZGlm34tRILjLATkThuDdE7W-rpSUHq9KHePRfe8ag2ZJTPPa_glDG9n4v7lCVOpOzw=s88-c-k-c0x00ffffff-no-rj","false"
"@cheese8101","you should play a deck with rune giant e drag both miners and I drag","https://yt3.ggpht.com/xAw3xp1-MnqTXkNRqapK8yu3UlQssyKsFAJEQSma6g72tQPEIwlUEhbdYQ7vuGmBnaWDoqDrpw=s88-c-k-c0x00ffffff-no-rj","false"
"@Benwinzzz","kennnny","https://yt3.ggpht.com/_pi9RWS_QRDCbk9sjGzYJQwNENtxUCC46S-IUsm-h8VmCoXw7d7pJ54BmXdXXGAw30Mq5RTj96U=s88-c-k-c0x00ffffff-no-rj","false"
"@corgiliver","ken should collab with alt","https://yt3.ggpht.com/ytc/AIdro_lw2kuCukIHD5wE6K_9auRQr30GVB_rgzZRMdt3--XyATIU53sqgbyMbtCgt6xAhMSvHg=s88-c-k-c0x00ffffff-no-rj","false"
"@rushdirashad","0:01 Day 34 of asking kenny wenny to do minecraft therapy sessions","https://yt3.ggpht.com/ytc/AIdro_m5ewRz5KTgpaqxbx82KwKthXWDdZ99fAvJVC1BED1ySD7gsuD_qFPa7v_xtzqXjjLk7JI=s88-c-k-c0x00ffffff-no-rj","false"
"@bluggvg5934","1 min ago and 110 comments already is wild. We might be even more addicted than Kenneth","","false"
"@mixeriss4077","kenneth, wheres the minecraft","","false"
"@is_that_ag","Ken stop wearing the same fucking sweater","","false"
"@CLapZzZz","Day 7 of ken pretending to be australian","","false"
"@karrotking4040","What‚Äôs up sneezers","https://yt3.ggpht.com/ytc/AIdro_ndWvrsZ6GV1HQkeqeS3QlF9TE6znwBBzE2VZWknpIP-8I=s88-c-k-c0x00ffffff-no-rj","false"
"@killerz7651","Nerf minor","https://yt3.ggpht.com/ytc/AIdro_mTKCOpWi6oUxlxHjve8gnwQY9dXl-G2MtiFh7HBzPapA=s88-c-k-c0x00ffffff-no-rj","false"
"@XxBilllyModexX","Rip","https://yt3.ggpht.com/k7AQH8yF2wyUdiCEb7_pHH4tFkfXY0Curgi5uqwwtVAv9DzoaPmmuIzWyhF2VcSUuZgS14eurA=s88-c-k-c0x00ffffff-no-rj","false"
"@peterortell3916","W refresh pull","https://yt3.ggpht.com/4C8Mm07odG3CBVHs0eD8JX618tUeAS7fa4BPOTWP7yVVIJtD1Ys0S62rCqTgEfsvdghxeRwkrss=s88-c-k-c0x00ffffff-no-rj","false"
"@babycatsrcute","KEN WHENS THE NEXT MINECRAFT VID DROPPING","https://yt3.ggpht.com/ytc/AIdro_nv8CUIQDdwQReKARt8EO2hJzLBVG6vYlndMtqrPLAbhErysRDW9CwEbhllNhAXVn-3gQ=s88-c-k-c0x00ffffff-no-rj","false"
"@œáŒ±œÅŒ∑œÇœÑœÅŒπŒ±ŒΩœÑ15","I know for a fact that this video is pre-recorded","https://yt3.ggpht.com/ytc/AIdro_msmsvc71jBwvUPnMW9XBZCEF43eCjh0fGPwcV-t9vDTrYdQEvals2ODSWLcswdLaVlojc=s88-c-k-c0x00ffffff-no-rj","false"
"@Baka69187","Ken lets cuddle, we havent done this for a while","https://yt3.ggpht.com/zBMAC_QEpDT8EZxYBR9_fxYZmFZeFod7QVigJzjqLpJ4GOv5kGlTeRE1VBx9wvu0FqS0O9OnqQ=s88-c-k-c0x00ffffff-no-rj","false"
"@0kayArt","You're early, Ken.","https://yt3.ggpht.com/hufJCH-BCMU5TD1TRryeG3Q6zDC51hKKMm9RT85eRb4ATWnF3ONxMLjbf1UJt7a1tyOONIu_=s88-c-k-c0x00ffffff-no-rj","false"
"@mason2307","Jumpscare","https://yt3.ggpht.com/ytc/AIdro_meZQDvkVwIytlz05tUr4sKYRoxduo30MYm6fDWZDFwo5Dx5x44u4bpmQY2f_R4uW4yGQ=s88-c-k-c0x00ffffff-no-rj","false"
"@ArenaLegendsX","Hello berserker daddy","https://yt3.ggpht.com/iou0s71983-mDpVrCklgHGPTUAGOAA-t9XNa68xIWB_cLQWZhJK0C7V8_Vc-vK2aejNKIiBfsg=s88-c-k-c0x00ffffff-no-rj","false"
"@zye__","is he coming back to australia in a few days","https://yt3.ggpht.com/yULm3sR73Age0ZI6NgoQrvbN2SVjwrJLyh6EA2QKH3_DQFuyvtrNxKQhZrNPzqOerUjJAHYJvg=s88-c-k-c0x00ffffff-no-rj","false"
"@mainbraine","Ken hooded up. Smash like if ur hooded up also ","https://yt3.ggpht.com/CXu5tr14wXqn0MlP0ubaHuDT1itbH44EjLEzYx7k5JysJ9rECH4up7iJIHsU2tdZT_zZYGojag=s88-c-k-c0x00ffffff-no-rj","false"
"@CLapZzZz","Day 7 of ken pretending to be australian","https://yt3.ggpht.com/qZz-ESfDOqTJTdUzKL10MYRMoMRvslqX3CA9-zT7Vua5SVosDoF0cEi1j09cefoEB6KbwOxY=s88-c-k-c0x00ffffff-no-rj","false"
"@christopherlang8641","You havent said ‚Äúkiss me‚Äú in a long time to me...","https://yt3.ggpht.com/ytc/AIdro_kv31lBiYwiFjKkuaL5fkoQvrpARSgjWlKcWJTitSB4LiM=s88-c-k-c0x00ffffff-no-rj","false"
"@teh_kaczuch","Edit: nvm he said it

Do you know that goblin curse used to amplify card's damage?","https://yt3.ggpht.com/80Vfxv5gfBQHyNEy-JkRPMdrAVLvPKN037RKjBLn1SZnV-r5JFEmWWvmzkRdVN4gJa4GU0lNnw=s88-c-k-c0x00ffffff-no-rj","false"
"@RameshKumar-tl2ld","why is his stache burnt around the edges","https://yt3.ggpht.com/ytc/AIdro_lAyCmPuPTcTtYpOA4QnUiNiel5MSi2UOypDgNoiTtaAGtGVrLt1wtS6foazk69LW0x-w=s88-c-k-c0x00ffffff-no-rj","false"
"@Fweyskiii","Hey am officially supercell I. Want to hire you","","false"
"@Jack07BS","Ok","","false"
"@DonKnaII","Day 76 of asking Ken to sing Down Under","","false"
"@andreasperzaga593","Do hero wizard with tornado","https://yt3.ggpht.com/ytc/AIdro_nv1t0Qm0eqGizPoA6xxyUvpZEi8yii7tw_3rs1qLQ=s88-c-k-c0x00ffffff-no-rj","false"
"@Wheick","Ken, I think you're my dad","https://yt3.ggpht.com/VM6ZBk2IbwuIj8BiIwMbWmMUCJqb9VMs2WsKlORzxnQsqqOCybdi_o0i4x5Dx1DY1IAzuTzTwg=s88-c-k-c0x00ffffff-no-rj","false"
"@ISS_AM","I was waiting...","https://yt3.ggpht.com/CXjKVa4irodqmT0W4YmtXohAtKitlBl0Kw7hYiXLiTVMdEBpWQ1Vdu4c_GI0D_BlVIG4rb_ESQ=s88-c-k-c0x00ffffff-no-rj","false"
"@RB-yuki","ken stop playing with your miner","https://yt3.ggpht.com/6YdHWmUQPVAhQtY91e78MC45bnh91EtSAFpGi5ol02VbXGE6pVBKuUhSeESLTDqIef9bWsHtsKQ=s88-c-k-c0x00ffffff-no-rj","false"
"@kenbub","spill the tea kenny wenny no body watches 10 mins of cr gameplay in this economy","https://yt3.ggpht.com/ytc/AIdro_n8XNBbk7zDRn62-EJjy2XxrSicISxyo58ZcF2-pqXOMjw=s88-c-k-c0x00ffffff-no-rj","false"
"@O_O-JJ","play miner rocket with rune giant","https://yt3.ggpht.com/rS2U3CN5LNp2VJT3d7CSi1EIMxwIsbDdwLNGAKLiXxVJ5gKzeGd01W3TiOIu7uyQji8vmcTi_ns=s88-c-k-c0x00ffffff-no-rj","false"
"@porostolgy","I kennot release it anymore","https://yt3.ggpht.com/ytc/AIdro_l1zU22StKNf871dicTQBDk4x19Yspedvo2dT3lgfSr6SUuLOsP9TA7e55SMaN_kxlqmQ=s88-c-k-c0x00ffffff-no-rj","false"
"@yesindeed37","76 views","https://yt3.ggpht.com/-mCO4l1H1J-0SmxjUJ17ccxss3ke1LTM_2etAGz5B0GC6nGxcr6YAkB3V5Abvi5BlCOy-fVLyg=s88-c-k-c0x00ffffff-no-rj","false"
"@goonbert456","damage amplification?","https://yt3.ggpht.com/pdQTQT6DTV0aYzWPOa7lyw-b7NRsC5uxoIEdjHYm5lTOCb_Nicp-T1ckvO-lt_HjoqHu87exuUM=s88-c-k-c0x00ffffff-no-rj","false"
"@pierceromeyn8433","Ken didn't you already do this gimmick?","https://yt3.ggpht.com/ytc/AIdro_kOId8g_2E1V0MDE5_THlvnEEoHOEVLBcJhZkCNg3aNExY=s88-c-k-c0x00ffffff-no-rj","false"
"@sergioguzmantorres7299","hello kenny wenny, what happened to bananatapioca?","https://yt3.ggpht.com/ytc/AIdro_k3OYsYKxYbRuCE5Abuz0Mz1qSEbpCZVJ-oM5AAoeTQeaQ=s88-c-k-c0x00ffffff-no-rj","false"
"@parkerabed5192","im actually so glad you are also still salty about them removing damage amplification from goblin curse. i loved using it in my decks and had a few good ones","https://yt3.ggpht.com/ytc/AIdro_ljCDRpKLpfx7P8i_IP2qLAfQfA7xaUCoXzcV2rfu8OUDk=s88-c-k-c0x00ffffff-no-rj","false"
"@Lord-Fortnite","8 elixir log or whatever you people say","https://yt3.ggpht.com/Ij6P0YSnNdw8__m261eNXtYF2FWYXbzhft5se-RTnkjLsVNkJ2FC7-SoO7E52n17BivgiKUW8g=s88-c-k-c0x00ffffff-no-rj","false"
"@IsaacTachiki","please do charging cards only ken","https://yt3.ggpht.com/ytc/AIdro_kWGOY2zL43BkQohHAF2ubCG6ZxCBJ3MFVPoRSNnCPL3skEILciTq3Gatqql3ZDXtWv5A=s88-c-k-c0x00ffffff-no-rj","false"
"@Abdo.Younis","Ken when you go back to Australia can you do another video where you make an omelette while you play? Thank you and have a nice day","https://yt3.ggpht.com/ytc/AIdro_m6Xi1ytGxosnrSkPJXq1VNiOeoOaBODODeJKVmUQ2vGA4=s88-c-k-c0x00ffffff-no-rj","false"
"@FenyOficial","0:00 Did he said Deck?","https://yt3.ggpht.com/gcAa170qVhVBTQENWANjMWK-f-IttFVkFuzULjE8kfWT0U7ZQJyRt39JkmP1uhIq67_lKXbIvA=s88-c-k-c0x00ffffff-no-rj","false"
"@youssifmohammed1513","Day 152 of asking Ken to bring back the ""subscribe to Ken"" outro","https://yt3.ggpht.com/ytc/AIdro_njtufdzVx1MNiXUGqFVNAadmSzt8IoefWGaHUpVKo=s88-c-k-c0x00ffffff-no-rj","false"
"@CadeCRL","Alright bro you couldn‚Äôt make it more obvious Ô∏è","","false"
"@robobo1726","Day 22 of asking for hero knight evo battle ram","https://yt3.ggpht.com/9AZuE8LmC3jq1V7LzyUH0haQJ-plefY6_s5OHGb31ieFdAXYZREO0reDvSD-TCJeOD7S-LwkhA=s88-c-k-c0x00ffffff-no-rj","false"
"@PuppyGirlPrimed","Miserable refresh pull","https://yt3.ggpht.com/FeKeQ_kirQ-GUJorAE7k8nfPXN8Kezn6sdJo5AP2U5vULg9WurLm6zo-jXSAvFYtTh0McY6PBQ8=s88-c-k-c0x00ffffff-no-rj","false"
"@arianargha","Day 0 of Reminding Ken to Drop the Bar story in a video","https://yt3.ggpht.com/NXYp7nBUQ3pxjSHJ0VWpjzsBhuTU0_Zsea6BSNp4HjRuFmeh6woRHw8AiuROznCO-k6NJIMk2A=s88-c-k-c0x00ffffff-no-rj","false"
"@tsu8604","Why does he keep calling it ruin giant?","https://yt3.ggpht.com/_e7umSdLte2ZDAfer-QMW4xIcNhWQiDwha36Jooq1EOnTva4pa4nbR4qfJFNNpZuwIGLNv-KNKA=s88-c-k-c0x00ffffff-no-rj","false"
"@makingmenweak","Pls bring me healer ken I am cursed","https://yt3.ggpht.com/P_veURLdWO9J6uNpIV8nJNG5yjBjOeYVLEdODFrahCXNPiAexGu3hqISUjn8ZUgARV5GM_dO=s88-c-k-c0x00ffffff-no-rj","false"
"@sigmakingsssssssssssssss","kenny wenny im kicking my feet at this video cause im early","https://yt3.ggpht.com/ytc/AIdro_l8bJjN8f5iw51sq7OBYWTCY3nsVjXP-QAVn96d-rY9l5KbJzFdR6s233AhOIGtTed1wA=s88-c-k-c0x00ffffff-no-rj","false"
"@ninokunt8211","its been 1 minute, wdym 50 comments!","https://yt3.ggpht.com/ytc/AIdro_n4Ck6wKFDjUmaoObGSaWTtGfAQw_Bk5NTTj96GHIQD9w=s88-c-k-c0x00ffffff-no-rj","false"
"@samerbensaid1791","no views is crazy","https://yt3.ggpht.com/ytc/AIdro_me9dreJnpyfygc8BsebLAIEr_GsCUoIqD1aCZXdzM=s88-c-k-c0x00ffffff-no-rj","false"
"@bladextv5563","i saw your pupils dilate when you looked at me... I love you too","https://yt3.ggpht.com/6ELyAFyT8csZHWKbfR3xC9Vbk1t4Bye92pvc_ueelSRnY_lwKWSpnxr4FtfHLCu3PdaDnGeSDA=s88-c-k-c0x00ffffff-no-rj","false"
"@nocapcapo","Ken you need to work on sum leg days fr man ","https://yt3.ggpht.com/YXJHQ8Uem_4uPWPjQe0027kGhzxRAns6ySN-gHc32Uu_9HA7tza-jwtzfC8_Km-Zrd80mVvQhTg=s88-c-k-c0x00ffffff-no-rj","false"
"@niklasscholl4362","30 secs","https://yt3.ggpht.com/ytc/AIdro_mcJ4w5b-UtEpb50n1LY2UVGohifAV5w5U_iDQfdWTFFg=s88-c-k-c0x00ffffff-no-rj","false"
"@Ben-jitsu23","Ken do you own anything other than that zip-up or do you spend all your money on booze??","https://yt3.ggpht.com/1I6xYbPJeZv9v35xfv6_a8pE4CFpXXxeKiEhsAgX7j1NBpKNDOCasu2ZOR0bRhLBLfR-W2M6IA=s88-c-k-c0x00ffffff-no-rj","false"
"@eva-jj3dz","is ken on koken here?","https://yt3.ggpht.com/EmRZaCHkUAGsMedbOszJbE9aVdnUmGHcCramkhKCQCmyxOWmm5XD6jogS6dtK_5HJfIOPd6r8g=s88-c-k-c0x00ffffff-no-rj","false"
"@Givemeanamebruh","Weird title even by your standards. I finished my jessup memorial btw, crazy shit. Last year of uni lowk tough","https://yt3.ggpht.com/cHELIRov7zD-PN1nJGHjnroPelpjNlOZ85hdPq9g_OubN2x5264FwNdkEXlYxpDowu7rwvPEHQ=s88-c-k-c0x00ffffff-no-rj","false"
"@oyunboldboldbaatar5519","Ken haven't you had enough vacation time in the UK? Time to go home buddy.","https://yt3.ggpht.com/ytc/AIdro_kEbQYd88Eex5XL2OGZexbw0vHK3nP2qhqE8n9e2Hy6Bw=s88-c-k-c0x00ffffff-no-rj","false"
"@CrazyBanana301","Why isn‚Äôt ken orange anymore","https://yt3.ggpht.com/iO-37PqN3vauKlrayGSHsIbdIq7W_KFukxvsPsUjD8wEwLrV2g2BkT2W6re4NxV-oreTEXUw=s88-c-k-c0x00ffffff-no-rj","false"
"@JgTheUnrealistic","nerf rune giant
(and miner)","https://yt3.ggpht.com/i8eeLiDc9kv_21GBojB81UHjQm7GY5uTsOq28PnIoJqMnV6pw4CR8fthjT88sobG4a7fbF0YuQ=s88-c-k-c0x00ffffff-no-rj","false"
"@stoikatapro8924","hello","https://yt3.ggpht.com/ytc/AIdro_kakoHQ83IXX7s8Ykr1pc18bQyszccHieUuLqAiAJpkMsw=s88-c-k-c0x00ffffff-no-rj","false"
"@corgiliver","bro how is there 200 comments in 2 minutes","https://yt3.ggpht.com/ytc/AIdro_lw2kuCukIHD5wE6K_9auRQr30GVB_rgzZRMdt3--XyATIU53sqgbyMbtCgt6xAhMSvHg=s88-c-k-c0x00ffffff-no-rj","false"
"@sirspritzgurke1606","looking good today bby ","","false"
"@user-oy9bd7oo4","hi","","false"
"@VeeqyWenny","kless you","","false"
"@PerryJuice","What's wrong with you Ken?","","false"
"@WLemon-ocha","Kless you","https://yt3.ggpht.com/uTwEU_FTMNuoDsAf0tn0cii2daCiuR2ceduL9vn0-_o8BjWGXqXBNzJxF0HRHygeKReWIhYuPQ=s88-c-k-c0x00ffffff-no-rj","false"
"@johanlmunkeby9319","10 seconds is crazy","https://yt3.ggpht.com/ytc/AIdro_kX5wH2u0ItuypAe7MBMUi8BWLbfq7DezrACszGWWc=s88-c-k-c0x00ffffff-no-rj","false"
"@pugfudge6606","im early just for you kenny wenny","https://yt3.ggpht.com/awkYHhVMaRBQ40A0blKmXfgiRcznwMfEWUqNTp0OTyk2-_CEYe5emcaztmaPco9KC_M3WkswOg=s88-c-k-c0x00ffffff-no-rj","false"
"@hakoudou2297","day 1 of waiting for ken to do a Po box live","https://yt3.ggpht.com/ytc/AIdro_nzwsJEngcSZd988h49T3PhnDh4ukqjDzh1ujJ6J7lXbQ=s88-c-k-c0x00ffffff-no-rj","false"
"@Villam77","Ken please notice me. I love you so much. Im your Hungarian fan. I dont hate you anymoreÔ∏è Im your biggest fan","https://yt3.ggpht.com/ytc/AIdro_m7d5RdnBF3UJlqP7SHtF_M4sNl3jMUZ6oDIFbE-QvTGms=s88-c-k-c0x00ffffff-no-rj","false"
"@CadeCRL","No credit on any of these rune giant decks","https://yt3.ggpht.com/VCYrrHaAKZ5G4dfnRUNj21L3SMoOgHJn7RvLS2gfVwkvGFCYRc7OigNGLK3_MvURs4XfMR6YNbw=s88-c-k-c0x00ffffff-no-rj","false"
"@ConnyRift","Just know that my girlfriend started crying when you said her mom doesn‚Äòt love her for playing rocketeer + hog‚Ä¶
I now have to Challenge You to a irl duell","https://yt3.ggpht.com/4fyuDwcghLeY1qDqLLfy3e_5Cxtph6eAoExoX91GayaDREefEPN6nEvkMHLXmw4cg1J4vy7gsw=s88-c-k-c0x00ffffff-no-rj","true"
"@Cyrian_DJCieL","‚Äûand goblin curse‚Äú says in 1943 in a room next to the Nazis","https://yt3.ggpht.com/zDAozRLU5qP2A3Jmxxo-f9CcLsN3DYHZYgUas7SIYaMSS-WEc2Vn1IVQS_WuqNUAky6X8WNkiw=s88-c-k-c0x00ffffff-no-rj","false"
"@ericmenk5391","day 3 asking for rune giant marcher","https://yt3.ggpht.com/ytc/AIdro_n5jhBMgdrE7WFnKKuwEKK0iT9LUeTW0oTCmGRsck3QGRhqsGcoCesxpa6j0WBHnWJxxg=s88-c-k-c0x00ffffff-no-rj","false"
"@mathewgebhart9299","Ken I‚Äôve been watching for like a year now I think, but I wanted to know your opinion on the current state of the U.S government. Seriously.","https://yt3.ggpht.com/ytc/AIdro_kMNR52ysanwSvBJwvc63yhnMVJldgfWyhIiw5mFROkpw=s88-c-k-c0x00ffffff-no-rj","false"
"@JohnKelly-jd7cm","Upload more lil bro. Twice a day minimum.","https://yt3.ggpht.com/ytc/AIdro_mnHqUY0FTKsamoZjH0P9tQoBWlZXzGsND_80ZbUCQumHxnzproI3u1-WllQUnlU-r34g=s88-c-k-c0x00ffffff-no-rj","false"
"@El_gu4po","efn 1st","https://yt3.ggpht.com/sbQ84lViRRlRbL7UhP5KoeLQUUmxKFmf3tVe1etbLg661FCxz8y8vwRAj4OVrjvyQwYOYaBaGjg=s88-c-k-c0x00ffffff-no-rj","false"
"@AhumanOnEarth-eb9wf","bald","https://yt3.ggpht.com/LBoacWtnsc3DsRZrv20ODuzQbaoUYxH0frBtrbS1e8DVeQ9CDcHAgTvNgZ9jFAJRDRC3nGShqw=s88-c-k-c0x00ffffff-no-rj","false"
"@gabrielmaldonado662","Hey pookie","https://yt3.ggpht.com/ytc/AIdro_keODstGAqKkyfJWnrd5Zq6oszwSLVoAIrkFTvsWy7DRnk=s88-c-k-c0x00ffffff-no-rj","false"
"@Pamnaaa","Kin?","https://yt3.ggpht.com/fpGsATJrKjSlIpW8ZPPOwpHHz6fPJmr_rTVwNSX7Fuktwyayx21zWHs_vj29iMdHKbQUsBWt=s88-c-k-c0x00ffffff-no-rj","false"
"@iyxzee","day 2 of asking ken to show me his 2 elixir log leaking","https://yt3.ggpht.com/iyJuiVDEianxsNq_HaZSYpRvcex1egmARk2gJ5RejiLzfbyi0RvzgyEkzi2xAqmhK3_FHgIKdA=s88-c-k-c0x00ffffff-no-rj","false"
"@staywoke6590","Ken secretly got kidnapped by the Scottish Government and is forbidden from ever going back to Australia 
We all know what you did Ken we ALL do.","","false"
"@mrogosic","day 2 asking does ken have balkan fans","","false"
"@0belisktheT","Ken has finally become the jit of the month","","false"
"@archerbinder3854","""fuck you supercell"" ken mutters to himself while cracking berserker","","false"
"@oui2814","You stole my deck ken i hate you from the bottom of my heart and i want to see you under a pile of dirt","https://yt3.ggpht.com/ytc/AIdro_k8hkMH4As5Oes_3Uxvaz8lHR8dIbV9etjF7LQqkm4sxMk=s88-c-k-c0x00ffffff-no-rj","false"
"@mercy-a1","Day 36 of asking ken to play brawl again(i am gonna start making them shorter since i am getting lazy)","https://yt3.ggpht.com/7Mcc-J5C9-NrZZMdvyhYmM6Ygbd4gKhu-2FpQ8HyRG_H4igyOzElfN4cS6dIwtVJUA7L6JPH=s88-c-k-c0x00ffffff-no-rj","false"
"@jackgypsyidk","day 13 of asking Ken to compete in Streetbeefs","https://yt3.ggpht.com/v-xibHWymHNgKi-xQigwr269UyFW5xtv_y0x8k1YjPhA1m1pw6zPPgep0BTuW_bvEHl93IQuZiU=s88-c-k-c0x00ffffff-no-rj","false"
"@21yearclash","Ken please let me mod for u I've asked so much:(","https://yt3.ggpht.com/AKWtYIu5tBGl9ABarvsHVG8ITHt2NnbTgfDbJVNoPprWafN0so8-a41ANc5rKpjzaF2GMdLx=s88-c-k-c0x00ffffff-no-rj","false"
"@iceking2685","day 2 of asking ken if I can visit him in Australia. I'm from Canada. im being completely serious too","https://yt3.ggpht.com/ytc/AIdro_mklYFwr9KXXFsHwTDlp1gaS8np2pSTzLVSSI2CrQEICQ=s88-c-k-c0x00ffffff-no-rj","false"
"@Hellbloom","day 7-8 of me asking kun to use full royal team (I will do ts forever pal)","https://yt3.ggpht.com/dFiLk5pIG-yxfDwUy-mVqpGQItjcJB2xIms2zxVgFExDqIuzagdKXFjI8MmOg4gkr4_b82swYA=s88-c-k-c0x00ffffff-no-rj","false"
"@DogBreathSniffer","Why don‚Äôt you just say you‚Äôre on a phone call to the feds? Do you have no friends or sum ","https://yt3.ggpht.com/bliYIvKwxUyClwv8-nGh9lYyndfzLbThA4Eot6UTsUWpEqXVq9VTa02US_A8EbOYGNKSK9og8N4=s88-c-k-c0x00ffffff-no-rj","false"
"@TiffanyRogers-f9i","So much calm in your words, it hit me deep.","https://yt3.ggpht.com/S7Q2tqgz71vUvnjgXiv7jQ1lZVNk95mXipldHa-JXfNJfI0UMMuxlfW5S1peSqHpML4pg3TH=s88-c-k-c0x00ffffff-no-rj","true"
"@gamingwizard3790","1st","https://yt3.ggpht.com/ytc/AIdro_mhSikngQlU-oFnpbG-pyC1UOg7UHXEgHyhgYvM2cnnUQ=s88-c-k-c0x00ffffff-no-rj","false"
"@tcb1175","43 comments in 43 seconds damn bro fell off","https://yt3.ggpht.com/jReJx8up7nLes_zydjt_UwZtoLEPdRgIwsBC1oiLMYMMhbkqVUlCZe3aiUbs2IjL9q7I95XnaQ=s88-c-k-c0x00ffffff-no-rj","false"
"@JamesKleis2000","JESUS loves you. All praise to the FATHER, SON-JESUS CHRIST, HOLY SPIRIT.Ô∏è","https://yt3.ggpht.com/ytc/AIdro_m3yH3CkDYbBlrEro0QnKb_ItobeFHLwKuQcGuP0f6Bn7OoKZ8W5OF5gGcuK2Gkd9LxEg=s88-c-k-c0x00ffffff-no-rj","false"
"@dowocharl","Jesus Christ loves you all and died for u on the cross ","https://yt3.ggpht.com/dlW5qVW4_lxg-XvZ-rBRo-sBrCwcUil20AnmDGexMKdT7PcU-z6d8Orwaz6h2Ni-SgzxcLh7_A=s88-c-k-c0x00ffffff-no-rj","false"
"@UIJOU","Poop","https://yt3.ggpht.com/egUEN940q2g7Vh3mu-5itV9Mo-OnDgGClNzjbq4f7cDBm-I24Uda1JzniJ36NHck3U31XKx_EA=s88-c-k-c0x00ffffff-no-rj","false"
"@mattwlee","first","https://yt3.ggpht.com/z34N1cofsGqzxWVtXfmYye_wnepgOdoRBFcsR2RToNBncx2Ui1iCl7ju7ZRPnlM00iSwi8wpeQ=s88-c-k-c0x00ffffff-no-rj","false"
"@SussySauce-yn2uv","are old","https://yt3.ggpht.com/S4gCvHv3OYwuN72ZKKy6qLTSuDCXwbDwqz9_MUbgi-h73RlQvz5427MB6uOhY8T5bPm2Hmh30A=s88-c-k-c0x00ffffff-no-rj","false"
"@Demigod2Tet8","just get rid of the mustache already","https://yt3.ggpht.com/ytc/AIdro_mr1n1zB7bnWY6Tr1HEt2azcDQan_gkMKfjPaD2y9o=s88-c-k-c0x00ffffff-no-rj","false"
"@hoodle6599","Daddy ken please i need 4500$ for my college plz im kinda homeless","","false"
"@TheALCSalesman","YO KEN I THINK I GOT A DOPE RUNE GIANT DECK! if your interested reply, if not its whatever lmao","","false"
"@Pro-one-piece-enjoyer","Quit the game already I know you want to lil bro","","false"
"@ibr1him_787","First comment","https://yt3.ggpht.com/y1a26ozLeLFNbQWz3FYThy4weJx0u75ykzHURQgAS5ZYjwNtqcbrmIuVeYbOzhKiPi6k1WVQ=s88-c-k-c0x00ffffff-no-rj","false"
"@theoriez8942","no views fell off","","false"
"@artakuu","Deion and Doto singing the intro was damn good!","","false"
"@atanteiku","The squad voicing over the elite four was a great touch tbh","","false"
"@kiruyauchiha8012","40:03 Third times the charm, Doto finally beat Destiny Bond","","false"
"@LordFalzar","Rhyme's team being just a bunch of babies had me rolling","","false"
"@yfskey1038","23:03 professor oak lore is crazy","","false"
"@colemanwacoche5730","You should fight eachother with your best team for a grand final battle","https://yt3.ggpht.com/ytc/AIdro_nw2oZu9LgyeShjtM0Jx5OHNcbTfakQ5AUJsKInP7A5WLA=s88-c-k-c0x00ffffff-no-rj","false"
"@fathermaximilian","I don't think Agatha is supposed to say all that","","false"
"@dontedoestuff","Always remember Everybody,
Yako is the 3rd protagonist of this series","","false"
"@BradBuschman3","Not gonna lie, Im a 34 year old grown ass man and I got pretty emotional over here at the end when that confetti popped.  

My younger brother and I used to watch these together and we'd message back and forth laughing and loving every video. We even got back into collecting Pokemon cards because of this series and said how much fun it'd be to have our own run. I remember how excited wed get when those notifications dropped. 

He passed away in October of last year but even though we didnt get to watch it live or ever do our own soul link I know hes looking down smiling with me watching as this series comes to an end.

Doto and Dieon, from the bottom of my heart, thank you!

Thank you both for this. This entire series was so, so good and it may seem silly but I will genuinely hold onto the cherished memories this series gave me. 

Just goes to show yall never know the reach and impact you guys can have on people. Hoping 2026 brings you both nothing but the best.","https://yt3.ggpht.com/ytc/AIdro_m7jn4Zs8bMjCqccghXrEZPOh1zJ2Kw2PomIMXvirqNOUI=s88-c-k-c0x00ffffff-no-rj","false"
"@Ango825","omg... the cover of the intro, the friends doing voice acting, all the hours of grinding, the emotions, the fact that the series was almost cancelled, a multiple year journey...
this was CINEMA!! CINEMAAAA!! I CANT BELIEVE THE SOUL LINK ITS FINALLY COMPLETED!!! 

Man, 5 years ago I was another guy LMAO, Im so happy I was still here to witness the ending of this series. Thank you guys for all the effort and love put into it, and of course to Yako for such a unique and amazing editing from the very 1st episode all the way to the last. What a way to start the year 
","https://yt3.ggpht.com/ESf6JkU2_QxKRGgm6h53ksyMf2EM_iNK7L6B2gH-YtcxQMjYxPNsUwLrV2j98gHhUAZxHtmC=s88-c-k-c0x00ffffff-no-rj","false"
"@RunsWithPies","Soul Link 2? Yes Please.","https://yt3.ggpht.com/QcVYJkLjYg8EgUu1MM_3R7mv2fAfTHRIxGifmWSgQLNiFF5Q2DVsaGvLLBq4yQ_dQMdGWo3B=s88-c-k-c0x00ffffff-no-rj","false"
"@cerealsgames3118","The elite 4 Voice actors being your friends is amazing","https://yt3.ggpht.com/ytc/AIdro_kVpheBhvbt7xHYP-9h5BAvWGfrbS1q9hlk6Vhj82dzlg=s88-c-k-c0x00ffffff-no-rj","false"
"@tommy_darc","Whoever decided to do that voice over for Agatha is a demon","https://yt3.ggpht.com/ytc/AIdro_nA8-OrkbsvVoqEWUsCYdf0ipg0-wdLNUw3zV_xmYyF6C8=s88-c-k-c0x00ffffff-no-rj","false"
"@mugsby7962","""That Wood Hammer"" is insanity","https://yt3.ggpht.com/ytc/AIdro_nF-Ysove4dDzwL3OybVGoomrY8J8pyp8MI17G7eaA=s88-c-k-c0x00ffffff-no-rj","false"
"@-TheRealAnimeFan-","Moon is absolutely unhinged and I wouldn‚Äôt have it any other way after a certain point I realized it wasn‚Äôt her real dialogue but that‚Äôs my Agatha!!","https://yt3.ggpht.com/ytc/AIdro_kkcujFh1UN23P05nkohUCXDnFDnsPQ7BUDv_XzF40-zIA=s88-c-k-c0x00ffffff-no-rj","false"
"@byrontheusurper6505","55:48 With this ending I gotta think of rocket edition where this exact scene happens, exept behind the scenes red is a bioengineered supertrainer who's helping Oak take over the region... fun times!","https://yt3.ggpht.com/ytc/AIdro_k78bXqxjvCHrukhuyGTsKlhlaQhxV6ae87tix931MAixZFqdBbIe8JVhOogv1wZNqh6A=s88-c-k-c0x00ffffff-no-rj","false"
"@blackersock","23:13 i deadass thought this was actual dialogue at first","https://yt3.ggpht.com/Pt58hu16HBR3MUGUDl50O5wtC4nXPGU3PwVpZStyne-3R1y-452qCWRaEhTGxJYHtXuvB9tTiBk=s88-c-k-c0x00ffffff-no-rj","false"
"@manueljaramillo2520","Of course Rhyme would throw his first title defense match with a team full of babies. ","https://yt3.ggpht.com/ytc/AIdro_kCMYkoXbRtEwTbZ9iFWAcxwEXydsx1mwyAApwmXkgVS8w=s88-c-k-c0x00ffffff-no-rj","false"
"@jorgejuan48","That Aunt Bertha voiceovers was DIABOLICAL....it took me out","","false"
"@byrontheusurper6505","I was a differnent person when this started! 2021 I was failing at studying something different from what I'm failing at now, I was still living at home (wouldn't move out until may 2022), I hadn't met (almost) ANY of my current friends yet! I went through so much in this time, moving out, arriving in a new city, finding the best friend group I've ever been a part of and loosing it, it genuinely feels unreal now that I'm thinking about it! 

I hope you guys do another soul link, and by the time that's done maybe I'll have figured all this out! Cheers, always keep the amazing content coming!","","false"
"@nojusticenetwork9309","22:39 Moon is an absolute fool lol","","false"
"@Deiect97","Soooooo season 2???","","false"
"@yygaming1867","Series started when I was in 8th grade and now I graduate in 4 months. Thank you guys for the endless laughs and the unforgettable journey. RIP CHEF AND SHADOW truly a beautiful series from my two favorite YouTubers I hope yall see this thank you for making my years that much for memorable. I FIGHT FOR MY FRIENDS","","false"
"@jal.wrld_","Being 16 when this started and turning 21 this year when it ends is kinda crazy","https://yt3.ggpht.com/G9NeeCVaIhTIBNuc0mHvK2xh0dnTpz__qS9jVevq1IYU85cM9aWtaWJ80EIUAOQc81ctN-v8=s88-c-k-c0x00ffffff-no-rj","false"
"@Farhanxplays","The whole journey... just.... beautiful.","https://yt3.ggpht.com/5VCrWGgPlYY_UPCg2dt0i3EYrMPYGvQcYgoAk1VIY4e97fWwK3A8OqcO6Dl5kRZ5zX7fS-nUhw=s88-c-k-c0x00ffffff-no-rj","false"
"@KJPARADE","16:47 lol they got Nano narrating","https://yt3.ggpht.com/dZhfVrZaMuy3_Px4YNTSLGieLBWHlksEfYECrEfKWP5duXBkbfEjiXEax3-s7DE6_apXehlZlA=s88-c-k-c0x00ffffff-no-rj","false"
"@TheEphemeralEternity","Holy... agatha's thirsty xD","https://yt3.ggpht.com/zh6gFmCPGScj9uMBZ3EaT04jSmMwDvInjPA-K5ok19yQSaf7cvvWu8Z-ItAnNWhwYQGCzfK9=s88-c-k-c0x00ffffff-no-rj","false"
"@Envisty0","DAMN THESE VOCAL CORDS FIRE sad to see the goated series go just realized the squad voice acts the elite 4
(But hey palworld could take it's spot)","https://yt3.ggpht.com/XGL_cIqPtluEYDw7Q2mwMYVya6bzi6PaZ-9WwPieSQ88276ZB3iOPR95SUN2Hm0H-QQ4ZRdXFWI=s88-c-k-c0x00ffffff-no-rj","false"
"@welldennis","Maybe the soullink is the comments we made along the way","https://yt3.ggpht.com/ytc/AIdro_m3hwdihWNF1Lew_SpOvEiR8JlX9VafmkMoUXdpexn_ug=s88-c-k-c0x00ffffff-no-rj","false"
"@EclipseUchiha-we3zb","I‚Äôm going to miss this series ","https://yt3.ggpht.com/Uo9S5q_rp2piMmXa_725pD5os96SDXnjYR6hF5ZWdekaoA7Q1d1847daKvxi7Jvb6F6XucXliw=s88-c-k-c0x00ffffff-no-rj","false"
"@slade0899","Sun and Moon time, they ready for that woopin","https://yt3.ggpht.com/ytc/AIdro_nJOcTe_5nIVo9fw0r56tFQPDP89cuhLg53uZa0Nl8=s88-c-k-c0x00ffffff-no-rj","false"
"@KayinCloud","0:44 Is that the two idiots SANGIN?!","https://yt3.ggpht.com/ytc/AIdro_nOzGRBAteqV9GNnWEeBJdd8HQIItqf1QBzeszrXkh36A=s88-c-k-c0x00ffffff-no-rj","false"
"@TheOneManHimseIf","the squad voice acting was peak
the singing at the beginning was peak
no matter how this series ends, it was peak

i can only pray for times where we get a second soul link 
ggs","https://yt3.ggpht.com/nlGsEQdcSBdQo1nLE2qD_Yly7nyMvwdX7NLUSE5TJuRBP7TDQRsz11B3GS2EZFlGTryVGJxx=s88-c-k-c0x00ffffff-no-rj","false"
"@minatoarisato3181","24:00 was not expecting the ff 14 ultima weapon boss music to be playing in the background of this,","https://yt3.ggpht.com/ytc/AIdro_mGOOHnOkxRlHuD7Uzhbg_j7snpzqnp6AfXR9OaO8j0Nw=s88-c-k-c0x00ffffff-no-rj","false"
"@FireMiracle777","0:19 ""TELL MEEEEEEEE""","https://yt3.ggpht.com/ytc/AIdro_k0PVo4Ayjzf9FlRcdjZAQYBwK430_hLvWlP9jgikQjC65W-ONDWjkk4dykteuHJ96HgQ=s88-c-k-c0x00ffffff-no-rj","false"
"@Someone-tuf","57:34 One last sneakdiss to Wutizgo...","https://yt3.ggpht.com/ytc/AIdro_naVtQgGqLR2mEJBYsUptJWeahbG_5vnBCPaDOqBcwUdRBL6bJjSCLq-kGRbS6uIBwmZQ=s88-c-k-c0x00ffffff-no-rj","false"
"@byrontheusurper6505","HOLY SHIT I WAS LIKE ""hey the first words of the intro kinda sound like them"" AND THEN IT'S ACTUALLY THEM SINGING, THAT'S SO HYPE! I've also had this song stuck in my heard all week so I've been singing this part too, it's SO FUN! AND THEY HARMONISE TOO AND DO THE EXTENDED VERSION, I AM SHAKING WITH EXITEMENT, THIS IS GENUINELY SO SICK! 

And may I just say, they did a good fucking job too for almost never having genuinely recorded themselves singing, even some of the harmonies worked super well!","https://yt3.ggpht.com/ytc/AIdro_k78bXqxjvCHrukhuyGTsKlhlaQhxV6ae87tix931MAixZFqdBbIe8JVhOogv1wZNqh6A=s88-c-k-c0x00ffffff-no-rj","false"
"@cianthompson966","EVERY Pok√©mon death so far and their reason. With a ""Fault Tally"", each point is awarded to the person who ""caused"" the death regardless of RNG or bad advice. ENJOY!

‚òÖEpisode 1 - (3 deaths) ---- Deion 3, Doto 0
‚Üí Dorksparce/Dunder
Died because Deion poisoned him while catching, but didn‚Äôt heal so died while walking. On the team for like 7 steps.

‚Üí Weedo/Hubert
Deion tried to catch oddish,  AKA Folder, but Folder used poison fang and took out Weedo

‚Üí Folder/Da Rat
Deion switches into Folder, an oddish, into Sealeo. Sealeo uses Sheer Cold and 1 hit K.O.‚Äôs Folder immediately when coming in.

‚òÖEpisode 2 - (1 death, 4 total) ---- Deion 4, Doto 0
‚Üí Doya/Doyo
Deion left in first slot, tries to run from a much higher level wild pokemon, it fails, and dies to blast burn immediately.

‚òÖEpisode 3 - (2 death, 6 total) ---- Deion 4, Doto 2
‚Üí Playdoh/Mathmatic
Doto was fighting Delcatty. Used Thunderbolt and sent Delcatty to like 2% Hp, then Delcatty used flail. Stab boosted 200 base power attack, and needless to say was obliterated. Hard to avoid.

‚Üí Bark/Bolt
Doto thought it would great to keep Bolt to fight a strong Moltres in the hope to get EXP.  Straight up greed.  Obviously died. RIP Bark and Bolt.

‚òÖEpisode 4 - (1 death, 7 total) ---- Deion 5, Doto 2
‚Üí Pebble/Chef
Deion encountered a wild Huntail with Pebble out, Deion asked what to do, Doto was like ‚Äúyeah ancient power shouldn‚Äôt kill, Pebble won‚Äôt die he‚Äôs Pebble‚Äù, then immediately dies to x4 super effective Bubble Beam. Although Deion chose, Doto encouraged this entirely  bad type matchup

‚òÖEpisode 5 - (1 death, 8 total) ---- Deion 6, Doto 2
‚Üí Uglass/Chad
Deion decided to keep his Uglass against Alakazam. After 2 turns giving him a chance to change, Alakazam attacks and evaporates Uglass. 100% throw by Deion 

‚òÖEpisode 6 - (0 deaths, 8 total) ---- Deion 6, Doto 2

Nobody died!

‚òÖEpisode 7 - (1 death, 9 total)  ---- Deion 7, Doto 2
‚Üí Pinky/Ducksworth
Deion tried to catch a Trapinch, swaps into Pinky (bad type match up), Trapinch hits Pinky with bone rush, all 5 times. 12.5% chance of hitting 5 times, and not accounting for a crit, it was EXACTLY how much he needed to take to kill Pinky, RIP.

‚òÖEpisode 8 - (3 deaths, 12 total) ---- Deion 7, Doto 5
‚Üí Bite/Meatballs
Doto left Meatballs (A flying dragon, x4 times weak to ice) in against an ice type, Lapras. RIP. Man, Bite had POTENTIAL.

‚Üí Purr/Arf
Doto speeding up the game to train, Arf was against a Kirlia 6 levels higher, Arf hits thunder bringing it to 30% health, then Kirlia used mirror coat. Got cooked.

‚Üí Slimey/Faith
Doto decided to keep Faith, a grass type in against a legendary Rayquaza, Doto used dig, against a flying type, then Rayquaza used gust and 1-hit OK‚Äôd him. RIP.

‚òÖEpisode 9 - (4 deaths, 16 total) ---- Deion 8, Doto 8 
‚Üí Dudesparce/Rocketti
Doto kept Rocketti fighting against a Hitmonchan, who used metronome into Dragon Rage. Rocketti was erased.

‚Üí Snappy/Gabi
Doto put Gabi/Butterfree against a Lileep. Was rock blasted 3 times DESTROYING Gabi.

‚Üí Bowa/Chickpea
Deion did not learn from his last pokemon death mistake, underestimating Trapinch and the Ground Type. Used 3 bone rush, destroyed. RIP Bowa... 

‚Üí Hornz/Teethz
Doto was against a Metagross that was 5 levels higher, was hit by solar beam then doom desire, it would have killed anyone on the team, but sacrificed correctly, It totally would have killed Bower/Woo, as Woo could not tank that. Woo took the victory at 3hp in the end. Nearly end of the run.

‚òÖEpisode 10 - (2 deaths, 18 total) ---- Deion 10, Doto 8 
‚Üí Boll/Joey
Deion left Boll, a Luvdisc, against a Jirachi. Boll was low health and Deion did not heal either. Man just wanted Boll dead haha

‚Üí Talon/La'Fruta
Deion left a burned Talon, a grass flying against a Weepinbell, who used sludgebomb, brought to like 5% hp then burn finished Talon off. RIP. Last words Talon heard was his owner Deion saying ""I would say rest in peace, but F you and GGs Talon"".

‚òÖEpisode 11 - (0 deaths, 18 total) ---- Deion 10, Doto 8 
Second episode where nobody dies!

‚òÖEpisode 12 - (1 death, 19 total) ---- Deion 11, Doto 8 
‚Üí Bower/Woo
Under leveled at Kogas Gym. Doto said ""I'm going back to the other gym!"", Deion said he was going to ""finish him off"". Deion left Bower in (despite being 11 levels higher) against a Sharpedo. Bad match up, Deion goes for a Mega punch instead of a dig WHICH WOULD HAVE KILLED SHARPEDO, but it missed, as it often does. Only because of that miss, Sharpedo hits him with hydrocannon. Doto shouts ""Deion you just lost our starters"". ""No I didn't"" comically says Deion as Bowers health goes from almost full to 0hp. If he just used Dig, Bower and Woo would still be here.

‚òÖEpisode 13 - (1 Death, 20 total) ---- Deion 11, Doto 9
‚Üí Birdew/Paper
Doto was against a Flareon, and switched from Yogi to Paper who is x4 times weak to fire. Just like paper man burned in an instant. RIP, 100% Doto could have avoided haha, regardless if enemy is a lower level.

‚òÖEpisode 14 - (1 Death, 21 total) ---- Deion 11, Doto 10
‚Üí Draco/Hope
Doto VS Wuzitgoing and Quzitgoing was about to send out Zangoose (you know, his starter. The strongest.) and kept Hope in. A shuppet, really weak and not evolved yet. Zangoose FASTER, hits Leer lowering already abysmal defence, Hope used sky uppercut, took 50% hp. He should have swapped out here, but tried to stay in knowing Hope is slower AND defence was even lower and was and one shot by metal claw. This Hope could have been a Gengar... and losing DRACO? Deion was devastated.

‚òÖEpisode 15 - (0 Deaths, 21 total) ---- Deion 11, Doto 10
No deaths, even got the Sabrina gym badge...! (third episode without deaths)

‚òÖEpisode 16 - (2 death, 23 total) ---- Deion 13, Doto 10
‚Üí Kefla/Slifey
Deion had Kefla out against their encounter Claydol and Bagon (soon to be Tank/Eyeeyeeye) Bagon, uppercuts kefla, and one shot her. Rest in peace. Could have changed out or not used at all until evolved but it is what is it.

‚Üí Tank/Eyeeyeeye
Deion left Tank, a weak baby dragon type out first, outsped by wild Mightyena, way faster and stronger‚Ä¶ Tank had SO SO SO much potential AND used Deions master ball on it... All he needed was to get to level 30 and it would have evolved into a statistically much better dragon type.

‚òÖEpisode 17 - (0 death, 23 total) ---- Deion 13, Doto 10
No deaths (4th time) and lined up to get the second last / cinnabar gym badge...!

‚òÖEpisode 18 - (1 death, 24 total) ---- Deion 14, Doto 10
‚Üí Swirly/Egg Mama
This was Deion making the decision to change into Swirly mid gym fight, but swirly was destroyed as not only he was lower level, the Rapidash knew Aeroblast‚Ä¶ with the Darksouls 3 OST playing, pling pling plong, it was emotional as hell. Saviour really saved the run. It could have been REALLY bad. Deion despite not getting potion seemed to have gotten a lot better at Pok√©mon knowledge though! Rocky/Balboa was not worth it though. Despite being level 50, onix isn‚Äôt as strong in the games as he looks/should be.

‚òÖEpisode 19 - (0 death, 24 total) ---- Deion 14, Doto 10
No deaths (5th time) - Recruited MANY new addition on the One/two/three islands.

‚òÖEpisode 20 - (0 death, 24 total) ---- Deion 14, Doto 10 
Consecutive no deaths! (6th time) ‚Äî all gym badges obtained. They‚Äôre FINALLY ready to take on the Elite four!! 

‚òÖEpisode 21 - (4 deaths, 27 total) ---- Deion 15, Doto 13
‚Üí Totodile/Feesh 
Doto told Feesh to kill Wutzitgoin's Gengar, but Gengar was faster, and used Destiny Bond. There was little you could do unless made a read that a ghost would have that move. Doto could not even react to it which is fair. Deion devastated, sent him to heaven. But Deion made sure to kill Gengar with Totodiles corpse lol what a way to go though...

‚Üí Shadow/Beautyas
Doto BACK TO BACK fought a ghost type in Victory road, was outsped and used destiny bond and Beautyas was cooked. Maybe they will be careful with Ghost types in future haha. Shadow is a MASSIVE lost to Deion, his strongest pokemon. The EXP boost of being traded too is a massive loss..

‚Üí Gary/Custard
Deion straight after the death of Shadow sees an Oddish, and swaps from Rocky the Barboach out to Gary. The oddish saw Rocky and saw it was x4 weak to grass which it is STAB effective, Deion sends out ANOTHER x4 weak to grass so basically gave the Oddish a free turn. They lost another REALLY good pair. At least Deion knew it was his bad, he was too locked in to whatever he was doing despite Doto literally saying ""do not swap him in"" after asking Doto for advice lol

‚Üí Pisces/Finito
Like they were on a roll, Doto was speeding up the game while training, a level 44 Finito was against Remoraid (Lv 18), Doto tried running, ""Cant escape"", Remoraid used Hydro pump and like Kaiba when being blasted by Exodia, FINITO WAS FINITO. The last thing Finito heard was ""O-"" before being evaporated. Hilarious. He just needed one more level to evolve lol

FINALE BELOW - spoilers if not finished video, finish first.","https://yt3.ggpht.com/41cdhVJJYJMMJYfZwwW8MiO3PvnF4Snbc9TEDjF52u2IU3LbjfRUuwkjVe4etlOCzwIG6uOY2vA=s88-c-k-c0x00ffffff-no-rj","false"
"@RendoGuy","22:36 took a bit of creative liberty right there","","false"
"@Yakoga","three idiot pokemon nuzlocke would be chaos ","","false"
"@sabrinakod","47:40 LORE ACCURATE WUTIZGO!!","https://yt3.ggpht.com/SgCDbCLWFtQ2cT2KZ-l--hKc76tAHv_CZJQPdq_3qzxp2JMDK37TltICkLcCmr77g4H3sc6k=s88-c-k-c0x00ffffff-no-rj","false"
"@runitback2431","Genuinely a Legendary Series.","https://yt3.ggpht.com/ytc/AIdro_kbAmypDDIkqBoy_ICapjGQCCoQbvPN22fMRTxaPJp1w9E=s88-c-k-c0x00ffffff-no-rj","false"
"@solarflashcash","I'm gonna miss the yoda screams after ko'ing a pokemon, what a journey","https://yt3.ggpht.com/ytc/AIdro_lmCqw7XajrO_DvCkE5lyDr-jQgwjilpRhjCLzTX1NvLGI=s88-c-k-c0x00ffffff-no-rj","false"
"@th3hybrids","10:24 hearing Afro made me so happy  (Edit: Soul link was absolute cinema, can't believe it's over)","https://yt3.ggpht.com/xaaygsvG1H0pRjMLetXZlWbFo2oattohq3NB6C_7tSmeINsA_oXQCFR_K7FcqUoL4wMjQJgeEQ=s88-c-k-c0x00ffffff-no-rj","false"
"@OneCupWonder","I'm gonna cry, this series was so peak, rip Bower and Shadow","https://yt3.ggpht.com/bnweq4t01R_9_jIJ41FAEh4FOaDVgWRH59TFkt6fEAAp02iksKGJTkm4E17FVeuPIgzVx1LkuA=s88-c-k-c0x00ffffff-no-rj","false"
"@Yakotrick","it‚Äôs been a ride guys. Thanks for sticking along. Hope yall enjoy ","","false"
"@DotoDoya","its over.","","false"
